city,town,portal,ìsésêÆîıâ€ åˆâcèZëÓ,ìsésêÆîıâ€ í¿ë›å^âûã}èZëÓ,ínàÊïüéÉâ€ÅEåß ç–äQå©ïëã‡,éqàÁÇƒéxâáâ€ÅEåß éôì∂ï}ó{éËìñÇÃì¡ó·,ínàÊïüéÉâ€ îÌç–é“ê∂äàçƒåöéxâáêßìx,ínàÊïüéÉâ€ ç–äQâáåÏéëã‡ë›ït,ínàÊïüéÉâ€ ê∂äàïüéÉéëã‡ÅiãŸã}è¨å˚éëã‡ÅEç–äQâáåÏéëã‡ÅjÇÃë›ït,ìsésêÆîıâ€ èZëÓÇÃîÌäQÇÃägëÂÇñhé~Ç∑ÇÈÇΩÇﬂÇÃãŸã}ÇÃèCóù,ëççáéññ±ëgçá ïÍéqïÉéqâ«ïwïüéÉéëã‡ÇÃèZëÓéëã‡ë›ït,è·Ç™Ç¢é“éxâáâ€ ç–äQè·äQå©ïëã‡,éqàÁÇƒéxâáâ€ÅEåß ã≥â»èëìôÇÃñ≥èûããó^,è·Ç™Ç¢é“éxâáâ€ ì¡ï éxâáäwçZìôÇ÷ÇÃèAäwèßó„éñã∆,è·Ç™Ç¢é“éxâáâ€ ì¡ï éôì∂ï}ó{éËìñÅEè·äQéôïüéÉéËìñÇÃì¡ó·,âÓåÏï€åØâ€ ì¡ï è·äQé“éËìñÇÃì¡ó·,è·Ç™Ç¢é“éxâáâ€ ïüéÉópãÔÇÃçƒë›ó^ÅEçƒçwì¸,äwçZã≥àÁâ€ è·Ç™Ç¢é“ÇÃïüéÉópãÔÇÃçƒããït,äeäwçZ è¨ÅEíÜäwê∂ÇÃèAäwâáèïë[íu,äeäwçZÅEì˙ñ{äwê∂éxâáã@ç\ ëÂäwìôéˆã∆óøìôå∏ñ∆ë[íu,â€ê≈â€ èZñØê≈å≈íËéëéYê≈ÇÃå∏ñ∆,ê≈ñ±èê çëê≈ÇÃå∏ñ∆ÅEóPó\,ï€åØîNã‡â€ çëñØåíçNï€åØê≈ÇÃå∏ñ∆,âÓåÏï€åØâ€ âÓåÏï€åØóøÇÃå∏ñ∆ÅEóPó\,ï€åØîNã‡â€ å„ä˙çÇóÓé“à„ó√ï€åØóøÇÃå∏ñ∆,ï€åØîNã‡â€ å„ä˙çÇóÓé“à„ó√ÇÃàÍïîïâíSã‡ÇÃå∏ñ∆ÅEí•é˚óPó\,ï€åØîNã‡â€ ì¸â@éûÇÃàÍïîïâíSã‡ÇÃñ∆èúãyÇ—í•é˚óPó\
ïxéRåß,ïxéRés,https://www.city.toyama.toyama.jp/,https://www.pref.toyama.jp/1507/kurashi/seikatsu/sumai/kj20240102-1.html,https://www.pref.toyama.jp/1507/kurashi/seikatsu/sumai/tinntaigataoukyuu_notohanntou.html,https://www.pref.toyama.jp/1900/bousaianzen/noto_jishin_shien.html,https://www.pref.toyama.jp/120102/kurashi/kenkou/fukushi/kj00003539/index.html,https://www.pref.toyama.jp/1900/bousaianzen/noto_jishin_shien.html,https://www.pref.toyama.jp/1900/bousaianzen/noto_jishin_shien.html,https://www.pref.toyama.jp/120102/kurashi/kenkou/fukushi/kj00003541.html,-,https://www.pref.toyama.jp/120102/kurashi/kenkou/fukushi/kj00003541.html,-,https://www.pref.toyama.jp/1900/bousaianzen/noto_jishin_shien.html,-,https://www.city.uozu.toyama.jp/guide/svGuideDtl.aspx?servno=1187,https://www.pref.toyama.jp/1209/kurashi/kenkou/shougaisha/shien/kj00001241.html,-,https://www.city.toyama.lg.jp/shisei/soshiki/1010718/1007388.html,https://www.pref.toyama.jp/3003/kensei/kenseiunei/kensei/soshiki/30/3003.html,-,https://www.city.toyama.toyama.jp/zaimubu/shisanzeika/koteisisanzeioyobitosikeikakuzeigennmennsinnseisyo.html,https://www.nta.go.jp/about/organization/kanazawa/location/toyama/toyama/index.htm,https://www.city.toyama.toyama.jp/fukushihokenbu/hokennenkinka/fukakakari/hijihatutekisitugyousya-keigen.html,https://www.city.toyama.toyama.jp/fukushihokenbu/kaigohokenka/kaigohokenryou_1.html,https://www.city.toyama.toyama.jp/etc/pr/mag/220705/pages/2.html,https://www.city.toyama.toyama.jp/fukushihokenbu/hokennenkinka/kyufu/iryouhinosiharainiokomarinotokiha.html,https://www.city.toyama.lg.jp/shisei/soshiki/1010709/1003821.html
ïxéRåß,çÇâ™és,https://www.city.takaoka.toyama.jp/,https://www.city.takaoka.toyama.jp/faq/kurashi/jutaku/index.html,https://www.pref.toyama.jp/1507/kurashi/seikatsu/sumai/tinntaigataoukyuu_notohanntou.html,https://www.city.takaoka.toyama.jp/fukushi/saigaityouikin.html,https://www.city.takaoka.toyama.jp/jido/kosodate/teate/kodomo/jidoteate/index.html,https://www.pref.toyama.jp/1900/bousaianzen/noto_jishin_shien.html,https://www.city.takaoka.toyama.jp/fukushi/saigaityouikin.html,https://www.pref.toyama.jp/120102/kurashi/kenkou/fukushi/kj00003541.html,https://www.city.takaoka.toyama.jp/hisho/shise/gaiyo/soshiki/toshikekaku/index.html,https://www.pref.toyama.jp/120102/kurashi/kenkou/fukushi/kj00003541.html,https://www.city.takaoka.toyama.jp/fukushi/saigaityouikin.html,https://www.pref.toyama.jp/1900/bousaianzen/noto_jishin_shien.html,https://www.city.takaoka.toyama.jp/school/shoureihi.html,https://www.city.takaoka.toyama.jp/hisho/shise/gaiyo/soshiki/fukushihoken/fukushi.html,https://www.city.takaoka.toyama.jp/hisho/shise/gaiyo/soshiki/fukushihoken/kaigo.html,https://www.city.takaoka.toyama.jp/hisho/shise/gaiyo/soshiki/fukushihoken/fukushi.html,https://www.city.takaoka.toyama.jp/hisho/shise/gaiyo/soshiki/gakko/index.html,https://www.pref.toyama.jp/1119/kurashi/kyouiku/gakkou/shuugakushien/kj00015295.html,-,https://www.city.takaoka.toyama.jp/kurashi/zekin/koteshisan/index.html,https://www.nta.go.jp/about/organization/kanazawa/location/toyama/takaoka/index.htm,https://www.city.takaoka.toyama.jp/kurashi/hoken/kenkohoken/kyufu/index.html,https://www.city.takaoka.toyama.jp/kaigo/kenko/kaigo/hoken/1hihokensha.html,https://www.city.takaoka.toyama.jp/hoken/kurashi/coronagenmen/kouki.html,https://www.city.takaoka.toyama.jp/hisho/shise/gaiyo/soshiki/fukushihoken/hoken.html,https://www.city.takaoka.toyama.jp/hisho/shise/gaiyo/soshiki/fukushihoken/hoken.html
ïxéRåß,ãõí√és,https://www.city.uozu.toyama.jp/,https://www.city.uozu.toyama.jp/guide/svGuideList.aspx?cdkb=ctg&cd=2001&topkb=G,-,http://www.jourei.net/main/regulations/95/700,https://www.city.uozu.toyama.jp/guide/svGuideDtl.aspx?servno=85,https://www.city.uozu.toyama.jp/guide/svGuideDtl.aspx?servno=20317,https://www.city.uozu.toyama.jp/guide/svGuideDtl.aspx?servno=20317,https://www.pref.toyama.jp/120102/kurashi/kenkou/fukushi/kj00003541.html,-,https://www.pref.toyama.jp/120102/kurashi/kenkou/fukushi/kj00003541.html,https://www.city.takaoka.toyama.jp/fukushi/saigaityouikin.html,-,-,https://www.city.uozu.toyama.jp/guide/svGuideDtl.aspx?servno=1187,https://www.city.uozu.toyama.jp/guide/svGuideDtl.aspx?servno=1187,-,https://www.city.uozu.toyama.jp/hp/svSecHP.aspx?seccd=A080102,https://www.city.himi.toyama.jp/gyosei/soshiki/kyoiku/1/1688.html,https://www.pref.toyama.jp/3003/kurashi/kyouiku/gakkou/keikaku/kj00013837.html,https://www.city.uozu.toyama.jp/hp/svSecHP.aspx?seccd=A010500,https://www.nta.go.jp/about/organization/kanazawa/location/toyama/uozu/index.htm,https://www.city.uozu.toyama.jp/guide/svGuideList.aspx?cdkb=ctg&cd=1504&topkb=G,https://www.city.uozu.toyama.jp/guide/svGuideDtl.aspx?servno=609,https://www.city.uozu.toyama.jp/guide/svGuideList.aspx?cdkb=ctg&cd=1508&topkb=G,-,-
ïxéRåß,ïXå©és,https://www.city.himi.toyama.jp/,https://www.city.himi.toyama.jp/gyosei/kurashi/sumai/5/index.html,https://www.city.himi.toyama.jp/gyosei/soshiki/toshikeikaku/4/9328.html,https://www.pref.toyama.jp/1900/bousaianzen/noto_jishin_shien.html,https://www.city.himi.toyama.jp/gyosei/soshiki/kosodate/1/2/725.html,https://www.pref.toyama.jp/1900/bousaianzen/noto_jishin_shien.html,https://www.pref.toyama.jp/1900/bousaianzen/noto_jishin_shien.html,https://www.pref.toyama.jp/120102/kurashi/kenkou/fukushi/kj00003541.html,-,https://hitorioyanavi-toyama.jp/welfare/,https://www.city.himi.toyama.jp/gyosei/iryo/fukushi/3/index.html,https://www.pref.toyama.jp/1900/bousaianzen/noto_jishin_shien.html,https://www.city.himi.toyama.jp/gyosei/iryo/fukushi/3/index.html,https://www.city.himi.toyama.jp/gyosei/iryo/fukushi/3/index.html,-,https://www.city.himi.toyama.jp/gyosei/soshiki/fukushikaigoka/9/1/6575.html,https://www.city.himi.toyama.jp/gyosei/soshiki/kyoiku/index.html,https://www.city.himi.toyama.jp/gyosei/soshiki/kyoiku/1/1688.html,-,https://www.city.himi.toyama.jp/gyosei/soshiki/zeimu/1/1/1009.html,-,https://www.city.himi.toyama.jp/gyosei/soshiki/zeimu/1/2/985.html,https://www.city.himi.toyama.jp/gyosei/soshiki/shimin/5/1/801.html,https://www.toyama-iryou.jp/,-,-
ïxéRåß,ääêÏés,https://www.city.namerikawa.toyama.jp/,https://www.city.namerikawa.toyama.jp/soshiki/17/4/3/7724.html,https://www.pref.toyama.jp/1507/kurashi/seikatsu/sumai/tinntaigataoukyuu_notohanntou.html,https://www.pref.toyama.jp/1900/bousaianzen/noto_jishin_shien.html,https://www.city.namerikawa.toyama.jp/soshiki/24/2/2/899.html,https://www.pref.toyama.jp/1900/bousaianzen/noto_jishin_shien.html,https://www.pref.toyama.jp/1900/bousaianzen/noto_jishin_shien.html,https://www.pref.toyama.jp/120102/kurashi/kenkou/fukushi/kj00003541.html,https://www.city.namerikawa.toyama.jp/index.html,http://toyama-choson.jp/sougou_about.html,-,https://www.pref.toyama.jp/1900/bousaianzen/noto_jishin_shien.html,-,-,https://www1.g-reiki.net/city.namerikawa/reiki_honbun/i007RG00000270.html,-,https://www.city.namerikawa.toyama.jp/soshiki/21/1/1/725.html,-,-,https://www.city.namerikawa.toyama.jp/kurashi/7/1/index.html,-,https://www.city.namerikawa.toyama.jp/kurashi/9/3/index.html,https://www.city.namerikawa.toyama.jp/soshiki/iryouhoken/kaigoshinsei/index.html,https://www.city.namerikawa.toyama.jp/soshiki/7/4/1/714.html,-,-
ïxéRåß,çïïîés,https://www.city.kurobe.toyama.jp/,https://www.city.kurobe.toyama.jp/category/page.aspx?servno=37,https://www.pref.toyama.jp/1507/kurashi/seikatsu/sumai/tinntaigataoukyuu_notohanntou.html,https://www.pref.toyama.jp/1900/bousaianzen/noto_jishin_shien.html,https://www.city.kurobe.toyama.jp/category/page.aspx?servno=2488,https://www.pref.toyama.jp/1900/bousaianzen/noto_jishin_shien.html,https://www.pref.toyama.jp/1900/bousaianzen/noto_jishin_shien.html,https://www.pref.toyama.jp/120102/kurashi/kenkou/fukushi/kj00003541.html,-,http://toyama-choson.jp/sougou_about.html,-,https://www.pref.toyama.jp/1900/bousaianzen/noto_jishin_shien.html,-,-,https://www.city.kurobe.toyama.jp/category/page.aspx?servno=39,-,https://www.city.kurobe.toyama.jp/info/secdtl.aspx?seccd=2011010000,-,-,https://www.city.kurobe.toyama.jp/category/page.aspx?servno=26,-,https://www.city.kurobe.toyama.jp/category/page.aspx?servno=29,https://www.city.kurobe.toyama.jp/category/page.aspx?servno=39,https://www.city.kurobe.toyama.jp/category/page.aspx?servno=31159,https://www.city.kurobe.toyama.jp/category/page.aspx?servno=3539,https://www.city.kurobe.toyama.jp/category/page.aspx?servno=3539
ïxéRåß,ìvîgés,https://www.city.tonami.toyama.jp/,https://www.pref.toyama.jp/1507/kurashi/seikatsu/sumai/tinntaigataoukyuu_notohanntou.html,https://www.pref.toyama.jp/1507/kurashi/seikatsu/sumai/tinntaigataoukyuu_notohanntou.html,https://www.city.tonami.toyama.jp/service/1428472060.html,https://www.city.tonami.lg.jp/info/3768p/,https://www.pref.toyama.jp/1900/bousaianzen/noto_jishin_shien.html,https://www.pref.toyama.jp/1900/bousaianzen/noto_jishin_shien.html,https://www.pref.toyama.jp/120102/kurashi/kenkou/fukushi/kj00003541.html,https://www.city.tonami.lg.jp/section/1592p/,https://www.city.tonami.toyama.jp/service/1385971513.html,https://www.city.tonami.toyama.jp/service/1428472060.html,https://www.pref.toyama.jp/1900/bousaianzen/noto_jishin_shien.html,https://www.pref.toyama.jp/3003/kurashi/kyouiku/gakkou/keikaku/kj00013837.html,-,https://www.city.tonami.lg.jp/service/1872p/,-,https://www.city.tonami.toyama.jp/service/1300848282.html,-,-,https://www.city.tonami.lg.jp/section/1577p/,https://www.nta.go.jp/about/organization/kanazawa/location/toyama/tonami/index.htm,https://www.city.tonami.toyama.jp/service/1317282486.html,https://www.city.tonami.lg.jp/service/1872p/,https://www.city.tonami.toyama.jp/service/1317282486.html,-,-
ïxéRåß,è¨ñÓïîés,https://www.city.oyabe.toyama.jp/,https://www.city.oyabe.toyama.jp/kurashi/1002358/1002364/1002371/1002376.html,https://www.pref.toyama.jp/1507/tintai_oukyuukasetu.html,https://www.pref.toyama.jp/1900/bousaianzen/noto_jishin_shien.html,https://www.city.oyabe.toyama.jp/kosodatekyoiku/1002613/1002614.html,https://www.pref.toyama.jp/1900/bousaianzen/noto_jishin_shien.html,https://www.pref.toyama.jp/1900/bousaianzen/noto_jishin_shien.html,https://www.pref.toyama.jp/120102/kurashi/kenkou/fukushi/kj00003541.html,-,https://www.pref.toyama.jp/120102/kurashi/kenkou/fukushi/kj00003541.html,-,-,-,https://www.city.oyabe.toyama.jp/kosodatekyoiku/1002613/1002619.html,-,-,-,https://hitorioyanavi-toyama.jp/area/oyabe/,-,-,-,https://www.city.oyabe.toyama.jp/kurashi/1002066/1002067/1002086/1002087.html,-,-,-,-
ïxéRåß,ìÏìvés,https://www.city.nanto.toyama.jp/,https://www.pref.toyama.jp/1507/kurashi/seikatsu/sumai/kj00007289/kj00007289-002-01.html,https://www.pref.toyama.jp/1507/tintai_oukyuukasetu.html,https://www.pref.toyama.jp/1900/bousaianzen/noto_jishin_shien.html,https://www.pref.toyama.jp/120102/kurashi/kenkou/fukushi/kj00003539/index.html,https://www.pref.toyama.jp/1900/bousaianzen/noto_jishin_shien.html,https://www.pref.toyama.jp/1900/bousaianzen/noto_jishin_shien.html,https://www.pref.toyama.jp/120102/kurashi/kenkou/fukushi/kj00003541.html,-,https://www.pref.toyama.jp/120102/kurashi/kenkou/fukushi/kj00003541.html,https://www.pref.toyama.jp/1237/kurashi/kenkou/shougaisha/jigyousha/kj00017529.html,https://www.pref.toyama.jp/1900/bousaianzen/noto_jishin_shien.html,https://www.pref.toyama.jp/3003/kurashi/kyouiku/gakkou/keikaku/kj00013837.html,https://www.pref.toyama.jp/1237/kurashi/kenkou/shougaisha/jigyousha/kj00017529.html,https://www.city.tonami.lg.jp/service/1872p/,https://www.pref.toyama.jp/1237/kurashi/kenkou/shougaisha/jigyousha/kj00017529.html,-,-,-,https://www1.g-reiki.net/nanto/reiki_honbun/r066RG00000136.html,-,https://www1.g-reiki.net/nanto/reiki_honbun/r066RG00001124.html,https://www.city.tonami.lg.jp/service/1872p/,https://www.toyama-iryou.jp/,https://www.city.kaga.ishikawa.jp/soshiki/shiminkenko/hoken_nenkin/1/1/1287.html,-
ïxéRåß,éÀêÖés,https://www.city.imizu.toyama.jp/,https://www.city.imizu.toyama.jp/guide/svGuideList.aspx?cdkb=ctg&cd=010802,https://www.pref.toyama.jp/1507/kurashi/seikatsu/sumai/tinntaigataoukyuu_notohanntou.html,https://www.pref.toyama.jp/1900/bousaianzen/noto_jishin_shien.html,https://www.city.imizu.toyama.jp/guide/svguidedtl.aspx?servno=4051,https://www.pref.toyama.jp/1900/bousaianzen/noto_jishin_shien.html,https://www.pref.toyama.jp/1900/bousaianzen/noto_jishin_shien.html,https://www.pref.toyama.jp/120102/kurashi/kenkou/fukushi/kj00003541.html,-,https://www.city.imizu.toyama.jp/guide/svguidedtl.aspx?servno=3400,-,https://www.pref.toyama.jp/1900/bousaianzen/noto_jishin_shien.html,-,-,https://www.city.imizu.toyama.jp/hp/svSecHp.aspx?seccd=1402000,-,https://www.city.imizu.toyama.jp/hp/svsechp.aspx?seccd=4001000,https://www.city.imizu.toyama.jp/guide/svguidedtl.aspx?servno=746,-,https://www.city.imizu.toyama.jp/guide/svguidedtl.aspx?servno=402,-,https://www.city.imizu.toyama.jp/guide/svGuideList.aspx?cdkb=ctg&cd=010701,https://www.city.imizu.toyama.jp/hp/svSecHp.aspx?seccd=1402000,https://www.city.imizu.toyama.jp/guide/svGuideDtl.aspx?servno=4904,https://www.city.imizu.toyama.jp/hp/svSecHp.aspx?seccd=1303000,https://www.city.imizu.toyama.jp/hp/svSecHp.aspx?seccd=1303000
ïxéRåß,èMã¥ë∫,https://www.vill.funahashi.toyama.jp/,https://www.pref.toyama.jp/1507/kurashi/seikatsu/sumai/kj00007289/kj00007289-002-01.html,https://www.pref.toyama.jp/1507/kurashi/seikatsu/sumai/tinntaigataoukyuu_notohanntou.html,https://www.pref.toyama.jp/1900/bousaianzen/noto_jishin_shien.html,https://www.pref.toyama.jp/120102/kurashi/kenkou/fukushi/kj00003539/index.html,https://www.pref.toyama.jp/1900/bousaianzen/noto_jishin_shien.html,https://www.pref.toyama.jp/1900/bousaianzen/noto_jishin_shien.html,-,-,https://www1.g-reiki.net/takaoka/reiki_honbun/r313RG00000652.html,-,https://www.pref.toyama.jp/1900/bousaianzen/noto_jishin_shien.html,-,-,https://www.pref.toyama.jp/1211/kurashi/soudanshisetsu/madoguchi/koureisha/kj00000157.html,-,-,-,-,-,-,https://www.vill.funahashi.toyama.jp/reiki/act/content/content110000605.htm,https://www.pref.toyama.jp/1211/kurashi/soudanshisetsu/madoguchi/koureisha/kj00000157.html,https://www.vill.funahashi.toyama.jp/living_guide_new/02_4.html,-,https://www.vill.funahashi.toyama.jp/reiki/act/content/content110000605.htm
ïxéRåß,è„ésí¨,https://www.town.kamiichi.toyama.jp/,https://www.town.kamiichi.toyama.jp/life/1/18/80/,https://www.pref.toyama.jp/1507/kurashi/seikatsu/sumai/tinntaigataoukyuu_notohanntou.html,https://www.pref.toyama.jp/1900/bousaianzen/noto_jishin_shien.html,https://www.pref.toyama.jp/120102/kurashi/kenkou/fukushi/kj00003539/index.html,https://www.pref.toyama.jp/1900/bousaianzen/noto_jishin_shien.html,https://www.pref.toyama.jp/1900/bousaianzen/noto_jishin_shien.html,https://www.town.kamiichi.toyama.jp/soshiki/6/,-,http://toyama-choson.jp/sougou_about.html,https://www.town.kamiichi.toyama.jp/soshiki/6/,https://www.pref.toyama.jp/1900/bousaianzen/noto_jishin_shien.html,https://www.town.kamiichi.toyama.jp/soshiki/6/,https://www.city.uozu.toyama.jp/guide/svGuideDtl.aspx?servno=1187,-,https://www.town.kamiichi.toyama.jp/soshiki/6/,https://www.town.kamiichi.toyama.jp/soshiki/11/,https://www.town.kamiichi.toyama.jp/,-,https://www.town.kamiichi.toyama.jp/life/1/3/,-,https://www.town.kamiichi.toyama.jp/page/1921.html,-,https://www.town.kamiichi.toyama.jp/page/1868.html,https://www.town.kamiichi.toyama.jp/page/1868.html,https://www.town.kamiichi.toyama.jp/page/1868.html
ïxéRåß,óßéRí¨,https://www.town.tateyama.toyama.jp/,https://www.town.tateyama.toyama.jp/kurashi_tetsuzuki/sumai_machizukuri/choeijutaku/index.html,https://www.pref.toyama.jp/1507/kurashi/seikatsu/sumai/tinntaigataoukyuu_notohanntou.html,https://www.town.tateyama.toyama.jp/soshikikarasagasu/kenkofukushika/shakaifukushikakari/8863.html,https://www.town.tateyama.toyama.jp/soshikikarasagasu/juminka/iryohokenkakari/2/3/3478.html,https://www.pref.toyama.jp/1900/bousaianzen/noto_jishin_shien.html,https://www.pref.toyama.jp/1900/bousaianzen/noto_jishin_shien.html,https://www.pref.toyama.jp/120102/kurashi/kenkou/fukushi/kj00003541.html,-,http://toyama-choson.jp/sougou_about.html,https://www.town.tateyama.toyama.jp/soshikikarasagasu/kenkofukushika/shakaifukushikakari/8863.html,https://www.pref.toyama.jp/1900/bousaianzen/noto_jishin_shien.html,-,https://www.city.uozu.toyama.jp/guide/svGuideDtl.aspx?servno=1187,https://www.town.tateyama.toyama.jp/soshikikarasagasu/kenkofukushika/kaigoyobokakari/5688.html,-,https://www1.g-reiki.net/tateyama/reiki_honbun/i015RG00000706.html,-,-,https://www.town.tateyama.toyama.jp/kurashi_tetsuzuki/zeikin/koteishisanzei/index.html,-,https://www.town.tateyama.toyama.jp/soshikikarasagasu/zeimuka/juminzeigakari/1/3/index.html,https://www.town.tateyama.toyama.jp/soshikikarasagasu/kenkofukushika/kaigoyobokakari/5688.html,https://www.town.tateyama.toyama.jp/soshikikarasagasu/zeimuka/juminzeigakari/4/1/824.html,-,-
ïxéRåß,ì¸ëPí¨,https://www.town.nyuzen.toyama.jp/,https://www.town.nyuzen.toyama.jp/gyosei/machizukuri/sumai/5/index.html,-,https://webun.jp/articles/-/529746,https://www.town.nyuzen.toyama.jp/gyosei/soshiki/kekkon_kosodate/1/mokuteki/5/758.html,-,-,https://www.pref.toyama.jp/120102/kurashi/kenkou/fukushi/kj00003541.html,-,https://www1.g-reiki.net/takaoka/reiki_honbun/r313RG00000652.html,https://www.town.nyuzen.toyama.jp/gyosei/kenko_fukushi/fukushi/3/index.html,https://www.town.nyuzen.toyama.jp/gyosei/soshiki/kekkon_kosodate/1/index.html,https://www.town.nyuzen.toyama.jp/gyosei/kenko_fukushi/fukushi/3/index.html,https://www.city.uozu.toyama.jp/guide/svGuideDtl.aspx?servno=1187,https://www.town.nyuzen.toyama.jp/gyosei/kenko_fukushi/fukushi/2/2/index.html,https://www.town.nyuzen.toyama.jp/gyosei/kenko_fukushi/fukushi/3/index.html,https://www1.g-reiki.net/nyuzen/reiki_honbun/i017RG00000498.html,-,-,https://www.town.nyuzen.toyama.jp/gyosei/kurashi_tetsuzuki/zeikin/3/index.html,-,https://www.town.nyuzen.toyama.jp/gyosei/kurashi_tetsuzuki/zeikin/4/index.html,https://www.town.nyuzen.toyama.jp/gyosei/kenko_fukushi/fukushi/2/2/index.html,https://www.town.nyuzen.toyama.jp/gyosei/kenko_fukushi/kenko_iryo/6/index.html,-,-
ïxéRåß,í©ì˙í¨,https://www.town.asahi.toyama.jp/,https://www.pref.toyama.jp/1507/kurashi/seikatsu/sumai/kj00007289/kj00007289-002-01.html,https://www.pref.toyama.jp/1507/kurashi/seikatsu/sumai/tinntaigataoukyuu_notohanntou.html,https://www.pref.toyama.jp/1900/bousaianzen/noto_jishin_shien.html,https://www.town.asahi.toyama.jp/soshiki/jumin_kodomo/jidou/1449207179964.html,https://www.pref.toyama.jp/1900/bousaianzen/noto_jishin_shien.html,https://www.pref.toyama.jp/1900/bousaianzen/noto_jishin_shien.html,-,-,https://www1.g-reiki.net/takaoka/reiki_honbun/r313RG00000652.html,-,https://www.pref.toyama.jp/1900/bousaianzen/noto_jishin_shien.html,-,-,-,-,https://www.town.asahi.toyama.jp/soshiki/kenko/tiikifukusi/1449206434707.html,https://www.hakuhodo.co.jp/news/newsrelease/100496/,-,-,-,https://www.town.asahi.toyama.jp/soshiki/zaimu/kokuho/1449207013925.html,-,https://www.toyama-iryou.jp/,-,-
êVäÉåß,êVäÉés,https://www.city.niigata.lg.jp/,https://www.city.niigata.lg.jp/kurashi/jyutaku/jukankyo/01sieijutaku/index.html,https://www.pref.niigata.lg.jp/site/toshiseibi/,https://www.city.niigata.lg.jp/kurashi/bosai/bosai_taisaku/index_koujo/mimaikin.html,https://www.city.niigata.lg.jp/kosodate/ninshin/shien/teate/jidoteate/mirai.html,https://www.city.niigata.lg.jp/kurashi/bosai/oshirase_ichiran/bosai20220823.html,https://www.city.niigata.lg.jp/shisei/kocho/shinsai/faq/fukushi/engoshikin.html,https://www.city.niigata.lg.jp/iryo/kenfuku/chiiki/tiikifukusikeikaku.html,https://www.city.niigata.lg.jp/kurashi/jyutaku/kenchiku/kanri/jutakuhanzaiboshi.html,https://www.city.niigata.lg.jp/kosodate/ninshin/shien/hitorioya/seikatsushien/kashitsuke.html,https://www.city.niigata.lg.jp/kurashi/bosai/bosai_taisaku/index_koujo/mimaikin.html,https://www.city.niigata.lg.jp/shisei/soshiki/soshikiinfo/mirai/kodomokatei.html,https://www.pref.niigata.lg.jp/sec/gimukyoiku/1356852754161.html,https://www.city.niigata.lg.jp/shisei/soshiki/soshikiinfo/fukushi/shogai.html,https://www.city.niigata.lg.jp/kurashi/zei/siraberu/kojin/kazei_tokurei.html,https://www.city.niigata.lg.jp/shisei/soshiki/soshikiinfo/fukushi/shogai.html,https://www.city.niigata.lg.jp/kosodate/gakko/school_jyosei/school_jyosei1.html,-,-,https://www.city.niigata.lg.jp/kurashi/zei/shinkoku_todokede/kotei_toshi.html,https://www.nta.go.jp/about/organization/kantoshinetsu/location/niigata/niigata/index.htm,https://www.city.niigata.lg.jp/shisei/kocho/shinsai/faq/fukushi/sinsaiqakokuhogenmen.html,https://www.city.niigata.lg.jp/shisei/kocho/shinsai/faq/fukushi/sinsaiqakokuhogenmen.html,https://www.city.niigata.lg.jp/shisei/kocho/shinsai/faq/fukushi/faqkoukigenmen.html,https://www.city.niigata.lg.jp/kurashi/hoken/kokuho/kokuhokyufu/itibugenmen.html,https://www.city.niigata.lg.jp/kurashi/hoken/kokuho/kokuhokyufu/itibugenmen.html
êVäÉåß,í∑â™és,https://www.city.nagaoka.niigata.jp/,https://www.city.nagaoka.niigata.jp/kurashi/life03/kouei/index.html,-,https://www.city.nagaoka.niigata.jp/kurashi/cate15/koutusaigai/mimaikinn3.html,https://www.city.nagaoka.niigata.jp/kosodate/cate01/child-allowance/index.html,https://www.pref.niigata.lg.jp/sec/nagaoka_kenkou/1196093773615.html,https://www.city.nagaoka.niigata.jp/shisei/cate03/jyourei/reiki/reiki_honbun/e403RG00000072.html,https://www.pref.niigata.lg.jp/sec/nagaoka_kenkou/1196093773615.html,https://www.city.nagaoka.niigata.jp/kurashi/cate93/repair-01.html,https://www.city.nagaoka.niigata.jp/kosodate/cate01/bosifukusikin.html,https://www.city.nagaoka.niigata.jp/shisei/cate03/jyourei/reiki/reiki_honbun/e403RG00000072.html,-,https://www.city.nagaoka.niigata.jp/kosodate/cate03/teate/enjyo.html,https://www.city.nagaoka.niigata.jp/fukushi/cate03/,-,https://www.city.nagaoka.niigata.jp/fukushi/cate03/,-,https://www.city.nagaoka.niigata.jp/kosodate/cate03/teate/enjyo.html,-,https://www.city.nagaoka.niigata.jp/kurashi/cate02/kotei/200nen.html,https://www.nta.go.jp/about/organization/kantoshinetsu/location/niigata/nagaoka/index.htm,https://www.city.nagaoka.niigata.jp/kurashi/cate03/,https://www.city.nagaoka.niigata.jp/shisei/cate03/jyourei/reiki/reiki_honbun/e403RG00000345.html,https://www.city.nagaoka.niigata.jp/fukushi/cate02/kouki/index.html,https://www.city.niigata.lg.jp/kurashi/hoken/kokuho/kokuhokyufu/itibugenmen.html,https://www.city.nagaoka.niigata.jp/shisei/cate03/jyourei/reiki/reiki_honbun/e403RG00001633.html
êVäÉåß,éOèés,https://www.city.sanjo.niigata.jp/,https://www.city.sanjo.niigata.jp/soshiki/fukushihokembu/fukushika/fukusikouei/koueijutaku/index.html,https://www.kenbiya.com/ar/ns/region/shinhoku/7391.html,-,https://www.city.sanjo.niigata.jp/soshiki/sanjoukyouiku/kyoikuiinkaijimukyoku/kosodateshienka/15/10671.html,https://www.city.sanjo.niigata.jp/kenko_fukushi/hisaishashien/index.html,https://www.city.sanjo.niigata.jp/soshiki/fukushihokembu/fukushika/fukusikouei/hisaishashien/640.html,https://www.city.sanjo.niigata.jp/soshiki/fukushihokembu/fukushika/index.html,https://www.city.sanjo.niigata.jp/index.html,https://www.pref.niigata.lg.jp/sec/kodomokatei/1356797103336.html,-,https://jp.indeed.com/l-%E6%96%B0%E6%BD%9F%E7%9C%8C-%E4%B8%89%E6%9D%A1%E5%B8%82-%E5%B8%AF%E7%B9%94%E9%A7%85-%E6%B1%82%E4%BA%BA.html,-,https://elaws.e-gov.go.jp/document?lawid=339AC0000000134_20220617_504AC0000000068,https://www.city.sanjo.niigata.jp/soshiki/somubu/zeimuka/shiminzeikakari/shiminzei/tax/897.html,-,https://www.city.sanjo.niigata.jp/kenko_fukushi/shogaishashien/shogaishatecho/index.html,https://www.city.nagaoka.niigata.jp/kosodate/cate03/teate/enjyo.html,https://www.sanjo-u.ac.jp/tuition_scholarship/scholarship/,https://www.city.sanjo.niigata.jp/soshiki/shimimbu/kankyoka/seikatsuanzen/akiyaakichi/16966.html,https://www.nta.go.jp/about/organization/kantoshinetsu/location/niigata/sanjo/index.htm,https://www.city.sanjo.niigata.jp/kurashi_tetsuzuki/nenkin_kenkohoken/kokuminkenkohoken/3/index.html,https://www.city.sanjo.niigata.jp/soshiki/shimimbu/shimimmadoguchika/madoguchi/nenkin/nenkin/3988.html,https://www.city.sanjo.niigata.jp/soshiki/fukushihokembu/kenkozukurika/kokuho/koukikourei/index.html,https://www.city.niigata.lg.jp/kurashi/hoken/kokuho/kokuhokyufu/itibugenmen.html,https://www.city.niigata.lg.jp/kurashi/hoken/kokuho/kokuhokyufu/itibugenmen.html
êVäÉåß,îêçËés,https://www.city.kashiwazaki.lg.jp/index.html,-,-,https://www.city.kashiwazaki.lg.jp/soshikiichiran/fukushihokembu/fukushika/4/3/1/7745.html,https://www.city.kashiwazaki.lg.jp/soshikiichiran/kodomomiraibu/kosodateshienka/index.html,https://www.city.kashiwazaki.lg.jp/soshikiichiran/fukushihokembu/fukushika/4/3/1/7745.html,https://www.city.kashiwazaki.lg.jp/soshikiichiran/fukushihokembu/fukushika/4/3/1/7745.html,https://www.city.kashiwazaki.lg.jp/soshikiichiran/fukushihokembu/fukushika/4/3/1/7745.html,-,https://www.pref.niigata.lg.jp/sec/kashiwazaki_kenkou/1199982162049.html,https://kurashi.yahoo.co.jp/procedure/details/116?cityId=15205,https://www.city.kashiwazaki.lg.jp/soshikiichiran/kodomomiraibu/kosodateshienka/index.html,-,-,-,-,https://www.city.kashiwazaki.lg.jp/soshikiichiran/kyoikuiinkai/gakkokyoikuka/index.html,https://www.city.nagaoka.niigata.jp/kosodate/cate03/teate/enjyo.html,-,-,https://www.nta.go.jp/about/organization/kantoshinetsu/location/niigata/kashiwazaki/index.htm,https://www.city.kashiwazaki.lg.jp/soshikiichiran/fukushihokembu/kokuhoiryoka/2/6/3000.html,-,https://www.city.kashiwazaki.lg.jp/soshikiichiran/fukushihokembu/kokuhoiryoka/1/1/4/7724.html,-,-
êVäÉåß,êVî≠ìcés,https://www.city.shibata.lg.jp/,https://www.city.shibata.lg.jp/kurashi/sumai/jutaku/index.html,https://www.city.shibata.lg.jp/machidukuri/about/soshiki/1010375/1001729.html,https://www.city.shibata.lg.jp/kurashi/kotsu/anzen/1001466.html,https://www.city.shibata.lg.jp/kurashi/kosodate/teate/1000857.html,https://www.city.shibata.lg.jp/kurashi/iza/sonae/1011835.html,https://www.city.shibata.lg.jp/machidukuri/about/soshiki/1010374/1001723.html,https://www.city.shibata.lg.jp/machidukuri/about/soshiki/1010374/1001723.html,https://www.city.shibata.lg.jp/machidukuri/about/soshiki/1010375/1001729.html,https://www.pref.niigata.lg.jp/sec/kodomokatei/1356797103336.html,https://www.city.shibata.lg.jp/machidukuri/about/soshiki/1010374/1001723.html,https://www.city.shibata.lg.jp/machidukuri/about/soshiki/1010373/1001722.html,https://www.pref.niigata.lg.jp/sec/gimukyoiku/1356852754161.html,https://www.city.shibata.lg.jp/machidukuri/about/soshiki/1010374/1001723.html,https://www.city.shibata.lg.jp/kurashi/kenko/kaigohoken/index.html,https://www.city.shibata.lg.jp/machidukuri/about/soshiki/1010374/1001723.html,-,https://www.city.shibata.lg.jp/kurashi/kyouiku/gakko/index.html,-,https://www.city.shibata.lg.jp/kurashi/iza/kansen/1012884/index.html,https://www.city.shibata.lg.jp/kurashi/iza/kansen/1012884/index.html,https://www.city.shibata.lg.jp/kurashi/zei/kenpo/1024421.html,https://www.city.shibata.lg.jp/kurashi/iza/kansen/1012884/index.html,https://www.city.niigata.lg.jp/kurashi/hoken/kokikorei/hokenryo.html,https://www.city.niigata.lg.jp/kurashi/hoken/kokuho/kokuhokyufu/itibugenmen.html,https://www.city.niigata.lg.jp/kurashi/hoken/kokuho/kokuhokyufu/itibugenmen.html
êVäÉåß,è¨êÁíJés,https://www.city.ojiya.niigata.jp/,https://www.city.ojiya.niigata.jp/soshiki/kensetsu/jyu-taku.html,https://www.city.ojiya.niigata.jp/soshiki/kensetsu/,https://www.city.ojiya.niigata.jp/soshiki/bousai/saigaikyosai.html,https://www.city.ojiya.niigata.jp/soshiki/kenko/jidou-teate-2.html,https://www.city.ojiya.niigata.jp/soshiki/bousai/hisaijutakushien.html,https://www.city.ojiya.niigata.jp/soshiki/fukushi/,https://www.city.ojiya.niigata.jp/soshiki/fukushi/,https://www.city.ojiya.niigata.jp/soshiki/kensetsu/,https://www.city.ojiya.niigata.jp/soshiki/kenko/hitorioya-fukushishikin.html,https://www.bousai.go.jp/kaigirep/houkokusho/hukkousesaku/saigaitaiou/output_html_1/case200406.html,-,https://www.city.ojiya.niigata.jp/soshiki/fukushi/,https://www.city.ojiya.niigata.jp/soshiki/fukushi/,https://www.city.ojiya.niigata.jp/life/1/3/17/,https://www.city.ojiya.niigata.jp/soshiki/fukushi/,https://www.city.ojiya.niigata.jp/soshiki/fukushi/shogaishafukushi-seido.html,https://www.city.nagaoka.niigata.jp/kosodate/cate03/teate/enjyo.html,-,https://www.city.ojiya.niigata.jp/life/1/2/11/,https://www.nta.go.jp/about/organization/kantoshinetsu/location/niigata/ojiya/index.htm,https://www.city.ojiya.niigata.jp/soshiki/zeimu/kokuminkenkohoken-keigen.html,https://www.city.ojiya.niigata.jp/life/1/3/17/,https://www.city.ojiya.niigata.jp/soshiki/zeimu/kokikoreishairyohokenryo.html,https://www.niigata-kouiki.jp/material/application/,https://www.city.ojiya.niigata.jp/
êVäÉåß,â¡ñŒés,https://www.city.kamo.niigata.jp/,https://www.city.kamo.niigata.jp/soshiki/kensetsu/toshi/,https://www.city.kamo.niigata.jp/soshiki/kensetsu/toshi/,https://www.city.kamo.niigata.jp/soshiki/shimin/nenkin/,https://www.city.kamo.niigata.jp/docs/30445.html,https://www.city.kamo.niigata.jp/soshiki/kenkou-fukushi/,https://www.city.kamo.niigata.jp/soshiki/kenkou-fukushi/,https://www.city.kamo.niigata.jp/soshiki/kenkou-fukushi/,https://www.city.kamo.niigata.jp/soshiki/kensetsu/toshi/,https://www.pref.niigata.lg.jp/sec/kodomokatei/1356797103336.html,https://www.city.kamo.niigata.jp/soshiki/kenkou-fukushi/shougai-shien/,https://www.city.kamo.niigata.jp/,https://www.pref.niigata.lg.jp/sec/gimukyoiku/1356852754161.html,https://www.city.kamo.niigata.jp/soshiki/kenkou-fukushi/shougai-shien/,https://www.city.kamo.niigata.jp/ijyu/kids/65467.html,https://www.city.kamo.niigata.jp/soshiki/kenkou-fukushi/shougai-shien/,https://www.city.niigata.lg.jp/kosodate/gakko/school_jyosei/school_jyosei1.html,https://www.city.kamo.niigata.jp/docs/30349.html,-,https://www.city.kamo.niigata.jp/soshiki/zeimu/,-,https://www.city.kamo.niigata.jp/life-events/tax/kokuho/,-,https://www.city.niigata.lg.jp/kurashi/hoken/kokikorei/hokenryo.html,https://www.city.niigata.lg.jp/kurashi/hoken/kokuho/kokuhokyufu/itibugenmen.html,https://www.city.niigata.lg.jp/kurashi/hoken/kokuho/kokuhokyufu/itibugenmen.html
êVäÉåß,è\ì˙í¨és,https://www.city.tokamachi.lg.jp/index.html,https://www.city.tokamachi.lg.jp/soshiki/kensetsubu/toshikeikakuka/index.html,https://www.city.tokamachi.lg.jp/soshiki/kensetsubu/toshikeikakuka/index.html,https://www.city.tokamachi.lg.jp/soshiki/shiminfukushibu/fukushika/1/gyomu/1450418381387.html,https://www.city.tokamachi.lg.jp/soshiki/shiminfukushibu/kosodateshienka/index.html,https://www.city.tokamachi.lg.jp/soshiki/shiminfukushibu/fukushika/index.html,https://www.city.tokamachi.lg.jp/soshiki/shiminfukushibu/fukushika/index.html,https://www.city.tokamachi.lg.jp/soshiki/shiminfukushibu/fukushika/index.html,https://www.city.tokamachi.lg.jp/soshiki/kensetsubu/toshikeikakuka/index.html,https://www.pref.niigata.lg.jp/sec/tokamachi_kenkou/1213808779530.html,http://www.jourei.net/main/regulations/95/700,https://www.city.tokamachi.lg.jp/soshiki/shiminfukushibu/kosodateshienka/index.html,https://www.city.tokamachi.lg.jp/soshiki/kyoikuiinkai_bunkasportsbu/kyoikusomuka/2/gyomu/1450417673509.html,-,https://www.city.tokamachi.lg.jp/soshiki/shiminfukushibu/fukushika/1_1/index.html,-,https://www.city.niigata.lg.jp/kosodate/gakko/school_jyosei/school_jyosei1.html,http://www.tookamachisou-h.nein.ed.jp/,-,https://www.city.tokamachi.lg.jp/soshiki/somubu/zeimuka/2/gyomu/1450418452557.html,https://www.nta.go.jp/about/organization/kantoshinetsu/location/niigata/tokamachi/index.htm,https://www.city.joetsu.niigata.jp/soshiki/kokuho-nenkin/kokuhogenmen.html,https://www.city.tokamachi.lg.jp/soshiki/shiminfukushibu/fukushika/1_1/gyomu/1450417908721.html,https://www.city.tokamachi.lg.jp/soshiki/shiminfukushibu/shiminseikatsuka/1/gyomu/1450418394989.html,https://www.city.tokamachi.lg.jp/soshiki/shiminfukushibu/shiminseikatsuka/1/gyomu/1450418394989.html,https://www.city.tokamachi.lg.jp/index.html
êVäÉåß,å©ïçés,https://www.city.mitsuke.niigata.jp/,https://www.city.mitsuke.niigata.jp/soshiki/15/2691.html,-,-,https://www.city.mitsuke.niigata.jp/site/smile-mikke/2858.html,-,https://www.city.niigata.lg.jp/iryo/kenfuku/news/saigaityouikin.html,-,-,https://www.pref.niigata.lg.jp/sec/nagaoka_kenkou/1296763333383.html,https://kurashi.yahoo.co.jp/procedure/details/116?cityId=15211,-,-,-,-,-,https://www.city.niigata.lg.jp/kosodate/gakko/school_jyosei/school_jyosei1.html,https://www.city.nagaoka.niigata.jp/kosodate/cate03/teate/enjyo.html,-,-,-,https://www.city.mitsuke.niigata.jp/soshiki/5/2708.html,https://www.city.mitsuke.niigata.jp/soshiki/6/2649.html,https://www.city.mitsuke.niigata.jp/soshiki/5/1809.html,https://www.city.niigata.lg.jp/kurashi/hoken/kokuho/kokuhokyufu/itibugenmen.html,https://www.city.niigata.lg.jp/kurashi/hoken/kokuho/kokuhokyufu/itibugenmen.html
êVäÉåß,ë∫è„és,https://www.city.murakami.lg.jp/,https://www.city.murakami.lg.jp/soshiki/120/kouei-jutaku.html,-,https://www.city.murakami.lg.jp/site/0803saigai/hisaisya-mimaikin.html,https://www.city.murakami.lg.jp/site/kodomo/jidouteate.html,https://www.city.murakami.lg.jp/site/0803saigai/hisaisya-seikatusaiken.html,https://www.city.murakami.lg.jp/site/0803saigai/saigai-kashitsuke.html,https://murakamisyakyou.com/,-,https://www.pref.niigata.lg.jp/sec/murakami_kenkou/1356800367084.html,-,-,https://www.city.higashine.yamagata.jp/section_list/section010/318,-,-,-,https://www.city.murakami.lg.jp/soshiki/24.html,https://core.ac.uk/download/pdf/229787032.pdf,-,https://www.city.murakami.lg.jp/site/shisanzei/shisan-hisaidaitaikaoku.html,https://www.nta.go.jp/about/organization/kantoshinetsu/location/niigata/murakami/index.htm,https://www.city.murakami.lg.jp/site/kokuhozei/kokuho-gengaku.html,-,-,-,https://www.city.niigata.lg.jp/kurashi/hoken/kokuho/kokuhokyufu/itibugenmen.html
êVäÉåß,âçés,https://www.city.tsubame.niigata.jp/,https://www.city.tsubame.niigata.jp/kurashi/kenchiku/3/index.html,https://www.city.tsubame.niigata.jp/soshiki/toshi_seibi/index.html,http://www.jourei.net/main/regulations/95/700,https://www.city.tsubame.niigata.jp/soshiki/kodomoseisaku/2/4/849.html,https://www.city.tsubame.niigata.jp/soshiki/kenko_fukushi/2/8/1963.html,https://www.city.tsubame.niigata.jp/soshiki/kenko_fukushi/2/index.html,https://www.city.tsubame.niigata.jp/soshiki/kenko_fukushi/2/8/1963.html,https://www.city.tsubame.niigata.jp/soshiki/toshi_seibi/index.html,https://www.tysogo.jp/,http://www.jourei.net/main/regulations/95/700,https://www.city.tsubame.niigata.jp/soshiki/kodomoseisaku/2/index.html,-,-,https://www.city.tsubame.niigata.jp/soshiki/kenko_fukushi/3/69/886.html,-,https://www.city.tsubame.niigata.jp/soshiki/kenko_fukushi/2/12/7562.html,https://www.city.nagaoka.niigata.jp/kosodate/cate03/teate/enjyo.html,-,https://www.city.tsubame.niigata.jp/soshiki/shimin_seikatsu/4/5/2/1750.html,-,https://www.city.tsubame.niigata.jp/kurashi/zeikin/5/index.html,https://www.city.tsubame.niigata.jp/soshiki/kenko_fukushi/3/69/886.html,https://www.city.tsubame.niigata.jp/soshiki/kenko_fukushi/4/82/910.html,https://www.city.niigata.lg.jp/kurashi/hoken/kokuho/kokuhokyufu/itibugenmen.html,https://www.city.niigata.lg.jp/kurashi/hoken/kokuho/kokuhokyufu/itibugenmen.html
êVäÉåß,éÖãõêÏés,https://www.city.itoigawa.lg.jp/,https://www.city.itoigawa.lg.jp/1974.htm,https://www.city.itoigawa.lg.jp/6780.htm,https://www.city.itoigawa.lg.jp/6967.htm,https://www.city.itoigawa.lg.jp/5384.htm,https://www.city.itoigawa.lg.jp/item/20055.htm,https://www.city.itoigawa.lg.jp/4645.htm,https://www.city.itoigawa.lg.jp/4645.htm,https://www.city.itoigawa.lg.jp/6780.htm,https://www.pref.niigata.lg.jp/sec/itoigawa_kenkou/bosi-husi-kahu-kasituke.html,https://www.city.itoigawa.lg.jp/6967.htm,https://www.city.itoigawa.lg.jp/2133.htm,https://www.pref.niigata.lg.jp/sec/gimukyoiku/1356852754161.html,https://www.city.itoigawa.lg.jp/1058.htm,https://www.city.itoigawa.lg.jp/1059.htm,https://www.city.itoigawa.lg.jp/1058.htm,https://www.city.itoigawa.lg.jp/2834.htm,https://core.ac.uk/download/pdf/229787032.pdf,-,https://www.city.itoigawa.lg.jp/3197.htm,https://www.nta.go.jp/about/organization/kantoshinetsu/location/niigata/itoigawa/index.htm,https://www.city.itoigawa.lg.jp/3192.htm,https://www.city.itoigawa.lg.jp/4330.htm,https://www.city.itoigawa.lg.jp/7563.htm,https://www.niigata-kouiki.jp/material/application/,https://www.city.itoigawa.lg.jp/
êVäÉåß,ñ≠çÇés,https://www.city.myoko.niigata.jp/,https://www.city.myoko.niigata.jp/life-info/living/houses/,https://www.city.myoko.niigata.jp/,http://www.jourei.net/main/regulations/95/700,https://www.city.myoko.niigata.jp/,https://www.city.itoigawa.lg.jp/item/20055.htm,https://www.pref.niigata.lg.jp/sec/fukushihoken/1195575349658.html,https://www.pref.niigata.lg.jp/sec/fukushihoken/1195575349658.html,https://www.city.myoko.niigata.jp/,https://www.pref.niigata.lg.jp/sec/kodomokatei/1356797103336.html,http://www.jourei.net/main/regulations/95/700,https://www.city.myoko.niigata.jp/,https://www.city.tokamachi.lg.jp/soshiki/kyoikuiinkai_bunkasportsbu/kyoikusomuka/2/gyomu/1450417673509.html,-,https://www.city.myoko.niigata.jp/docs/965.html,-,https://www.city.myoko.niigata.jp/group-navi/kodomo/,https://core.ac.uk/download/pdf/229787032.pdf,-,https://www.city.myoko.niigata.jp/life-info/tax/property-tax/,https://www.nta.go.jp/about/organization/kantoshinetsu/location/niigata/takada/index.htm,https://www.city.myoko.niigata.jp/life-info/insurance-and-pension/insurance/,https://www.city.myoko.niigata.jp/docs/965.html,https://www.city.myoko.niigata.jp/welfare/nursing/,https://www.city.myoko.niigata.jp/life-info/insurance-and-pension/,https://www.city.myoko.niigata.jp/life-info/insurance-and-pension/
êVäÉåß,å‹êÚés,https://www.city.gosen.lg.jp/index.html,https://www.city.gosen.lg.jp/organization/14/index.html,https://www.city.gosen.lg.jp/organization/14/index.html,https://www.city.gosen.lg.jp/section/reiki_int/reiki_honbun/e417RG00000202.html,-,-,https://www.city.gosen.lg.jp/section/reiki_int/reiki_honbun/e417RG00000202.html,-,https://www.city.gosen.lg.jp/organization/14/index.html,https://www.pref.niigata.lg.jp/sec/kodomokatei/1356797103336.html,https://www.city.gosen.lg.jp/section/reiki_int/reiki_honbun/e417RG00000202.html,-,-,-,-,-,https://www.city.gosen.lg.jp/organization/20/index.html,https://www.city.nagaoka.niigata.jp/kosodate/cate03/teate/enjyo.html,-,-,-,https://www.city.gosen.lg.jp/organization/6/10/1189.html,-,https://www.city.niigata.lg.jp/kurashi/hoken/kokikorei/hokenryo.html,https://www.city.niigata.lg.jp/kurashi/hoken/kokuho/kokuhokyufu/itibugenmen.html,https://www.city.niigata.lg.jp/kurashi/hoken/kokuho/kokuhokyufu/itibugenmen.html
êVäÉåß,è„âzés,https://www.city.joetsu.niigata.jp/,https://www.city.joetsu.niigata.jp/life/1/11/72/,https://www.city.joetsu.niigata.jp/soshiki/toshiseibi/,https://www.city.joetsu.niigata.jp/soshiki/shiminka/koutsusaigai.html,https://www.city.joetsu.niigata.jp/soshiki/kodomo/kodomo23-10.html,https://www.city.joetsu.niigata.jp/site/r6-01-01-earthquake/oukyuusyuuri.html,-,-,https://www.city.joetsu.niigata.jp/site/r6-01-01-earthquake/yanekinnkyuusyuuri.html,https://www.pref.niigata.lg.jp/sec/jouetsu_kenkou/1207760462967.html,https://www.city.joetsu.niigata.jp/soshiki/shiminka/koutsusaigai.html,-,https://www.pref.niigata.lg.jp/sec/gimukyoiku/1356852754161.html,-,-,-,https://www.city.joetsu.niigata.jp/soshiki/j-gaku/,https://www.city.nagaoka.niigata.jp/kosodate/cate03/teate/enjyo.html,-,https://www.city.joetsu.niigata.jp/soshiki/zeimu/lifeguide-tax-fixed-property-3.html,-,https://www.city.joetsu.niigata.jp/soshiki/kokuho-nenkin/tax-shisan31.html,https://www.city.joetsu.niigata.jp/site/kaigo/hokenryou.html,https://www.city.joetsu.niigata.jp/soshiki/kokuho-nenkin/lifeguide-kokuho1.html,-,-
êVäÉåß,à¢âÍñÏés,https://www.city.agano.niigata.jp/,https://www.city.agano.niigata.jp/section/reiki_int/reiki_honbun/r027RG00000633.html,https://www.city.agano.niigata.jp/index.html,https://www.city.agano.niigata.jp/soshiki/somuka/3/10149.html,https://www.city.agano.niigata.jp/soshiki/shakaifukushika/kosodate/bamen/1/2951.html,https://www.city.murakami.lg.jp/site/0803saigai/hisaisya-seikatusaiken.html,https://www.city.agano.niigata.jp/soshiki/shakaifukushika/anzen_anshin/3/2646.html,https://www.city.agano.niigata.jp/soshiki/shakaifukushika/anzen_anshin/3/2646.html,https://www.city.agano.niigata.jp/index.html,https://www.pref.niigata.lg.jp/sec/kodomokatei/1356797103336.html,https://www.city.niigata.lg.jp/iryo/kenfuku/news/saigaityouikin.html,https://www.city.agano.niigata.jp/kosodate/index.html,-,-,https://www.city.agano.niigata.jp/soshiki/koreifukushika/index.html,-,https://www.city.agano.niigata.jp/soshiki/gakkokyoikuka/index.html,https://www.city.agano.niigata.jp/section/reiki_int/reiki_honbun/r027RG00001450.html,-,https://www.city.agano.niigata.jp/kurashi_tetsuzuki/zeikin/koteishisanzei/index.html,-,https://www.city.agano.niigata.jp/section/reiki_int/reiki_honbun/r027RG00001454.html,https://www.city.agano.niigata.jp/soshiki/koreifukushika/koreishafukushi_kaigo/1/1717.html,https://www.city.agano.niigata.jp/soshiki/kenkosuishinka/iryo_kenko/5/index.html,https://www.city.niigata.lg.jp/kurashi/hoken/kokuho/kokuhokyufu/itibugenmen.html,https://www.city.niigata.lg.jp/kurashi/hoken/kokuho/kokuhokyufu/itibugenmen.html
êVäÉåß,ç≤ìnés,https://www.city.sado.niigata.jp/,https://www.city.sado.niigata.jp/reiki_int/reiki_honbun/r028RG00000615.html,https://www.city.sado.niigata.jp/,https://www.city.sado.niigata.jp/reiki_int/reiki_honbun/r028RG00001766.html,https://www.city.sado.niigata.jp/soshiki/2010/3996.html,https://www.city.sado.niigata.jp/soshiki/6.html,https://www.city.sado.niigata.jp/soshiki/2009/,https://www.city.sado.niigata.jp/soshiki/6.html,https://www.city.sado.niigata.jp/,https://www.pref.niigata.lg.jp/sec/sado_kenko/1215111685440.html,https://kurashi.yahoo.co.jp/procedure/details/116?cityId=15224,https://www.mcgm.gov.in/irj/servlet/prt/portal/prtroot/com.mcgm.AnonymousLanguageSwitch.ChangeLanguage?language=English&cURL=https://wefc01v04nyr22.%D1%87%D0%BF%D1%84%D0%B2%D1%86%D0%BF.%D1%80%D1%84,https://www.pref.niigata.lg.jp/sec/gimukyoiku/1356852754161.html,https://www.city.sado.niigata.jp/soshiki/2009/,https://www.city.sado.niigata.jp/soshiki/2012/,https://www.city.sado.niigata.jp/soshiki/2009/,-,https://www.city.nagaoka.niigata.jp/kosodate/cate03/teate/enjyo.html,-,https://www.city.sado.niigata.jp/soshiki/2004/4259.html,https://www.nta.go.jp/about/organization/kantoshinetsu/location/niigata/sado/index.htm,https://www.city.sado.niigata.jp/reiki_int/reiki_honbun/r028RG00001682.html,https://www.city.sado.niigata.jp/reiki_int/reiki_honbun/r028RG00000420.html,https://www.city.niigata.lg.jp/kurashi/hoken/kokikorei/hokenryo.html,https://www.city.sado.niigata.jp/life/1/2/,https://www.city.niigata.lg.jp/kurashi/hoken/kokuho/kokuhokyufu/itibugenmen.html
êVäÉåß,ãõè¿és,https://www.city.uonuma.lg.jp/,https://www.city.uonuma.lg.jp/life/1/14/56/,https://www.city.uonuma.lg.jp/soshiki/19/index-2.html,https://www.city.uonuma.lg.jp/page/1018700.html,-,https://www.uonuma-shakyo.or.jp/syakyo/offices/,https://www.uonuma-shakyo.or.jp/syakyo/offices/,https://www.uonuma-shakyo.or.jp/syakyo/offices/,https://www.city.uonuma.lg.jp/soshiki/19/index-2.html,https://www.pref.niigata.lg.jp/sec/uonuma_kenkou/1213722290952.html,-,-,https://www.pref.niigata.lg.jp/sec/gimukyoiku/1356852754161.html,-,-,-,https://www.city.niigata.lg.jp/kosodate/gakko/school_jyosei/school_jyosei1.html,https://www.city.uonuma.lg.jp/reiki/reiki_honbun/r043RG00001529.html,-,https://www.city.uonuma.lg.jp/life/1/4/20/,-,https://www.city.uonuma.lg.jp/reiki/reiki_honbun/r043RG00000150.html,-,https://www.city.uonuma.lg.jp/site/shinsei-navi/1899.html,https://www.niigata-kouiki.jp/material/application/,-
êVäÉåß,ìÏãõè¿és,https://www.city.minamiuonuma.niigata.jp/,https://www.city.minamiuonuma.niigata.jp/soshiki/s030/s030-10/s030-10-40/,https://www.city.minamiuonuma.niigata.jp/soshiki/s050/s050-20/,http://www.city.minamiuonuma.niigata.jp/reiki/reiki_honbun/r044RG00000079.html,https://www.city.minamiuonuma.niigata.jp/docs/3516.html,https://www.city.minamiuonuma.niigata.jp/docs/2472.html,https://www.pref.niigata.lg.jp/sec/minamiuonuma_kenkou/1198170976821.html,https://www.pref.niigata.lg.jp/sec/minamiuonuma_kenkou/1198170976821.html,https://www.city.minamiuonuma.niigata.jp/soshiki/s050/s050-20/,https://www.pref.niigata.lg.jp/sec/minamiuonuma_kenkou/1205774163894.html,http://www.city.minamiuonuma.niigata.jp/reiki/reiki_honbun/r044RG00000079.html,https://www.city.minamiuonuma.niigata.jp/soshiki/s030/s030-30/,https://www.city.minamiuonuma.niigata.jp/docs/5837.html,https://www.city.minamiuonuma.niigata.jp/soshiki/s030/s030-10/s030-10-20/,https://www.city.minamiuonuma.niigata.jp/soshiki/s030/s030-20/,https://www.city.minamiuonuma.niigata.jp/soshiki/s030/s030-10/s030-10-20/,https://www.city.minamiuonuma.niigata.jp/docs/2342.html,https://www.city.nagaoka.niigata.jp/kosodate/cate03/teate/enjyo.html,-,https://www.city.minamiuonuma.niigata.jp/docs/1396.html,-,https://www.city.minamiuonuma.niigata.jp/docs/1358.html,https://www.city.minamiuonuma.niigata.jp/docs/2502.html,https://www.city.minamiuonuma.niigata.jp/docs/1358.html,-,-
êVäÉåß,ëŸì‡és,https://www.city.tainai.niigata.jp/,https://www.city.tainai.niigata.jp/kurashi/sekatsu/toshikekaku/jyutaku/jyutaku.html,-,https://www1.g-reiki.net/tainai/reiki_honbun/r192RG00001064.html,https://www.city.tainai.niigata.jp/kurashi/kenko/jido/kodomo.html,https://www.city.murakami.lg.jp/site/0803saigai/hisaisya-seikatusaiken.html,https://www.city.tainai.niigata.jp/kurashi/kenko/index.html,https://www.city.tainai.niigata.jp/kurashi/kenko/index.html,-,https://www.pref.niigata.lg.jp/sec/kodomokatei/1356797103336.html,https://www1.g-reiki.net/tainai/reiki_honbun/r192RG00001064.html,https://www.mcgm.gov.in/irj/servlet/prt/portal/prtroot/com.mcgm.AnonymousLanguageSwitch.ChangeLanguage?language=English&cURL=https://hlrxA05ny80.%D0%B0%D1%81%D0%B8%D0%BF%D0%BC%D0%BA%D0%B4.%D1%80%D1%84,https://www.city.tainai.niigata.jp/kurashi/kenko/shogaisha/index.html,https://www.city.tainai.niigata.jp/kurashi/kenko/shogaisha/index.html,https://www.city.tainai.niigata.jp/kurashi/kenko/jido/kodomo.html,https://www.city.tainai.niigata.jp/kurashi/kenko/shogaisha/index.html,https://www1.g-reiki.net/tainai/reiki_honbun/r192RG00000879.html,https://www.city.tainai.niigata.jp/kurashi/kyoiku/kyoiku/gakko/sawayaka.html,https://www.city.tainai.niigata.jp/kurashi/kyoiku/kyoiku/gakko/shogakukin.html,https://www.city.tainai.niigata.jp/kurashi/zekin/kote.html,-,https://www.city.tainai.niigata.jp/kurashi/hoken/kenkohoken/hokenryo/index.html,https://www.city.tainai.niigata.jp/kurashi/hoken/kaigo/hokenryo.html,https://www.city.niigata.lg.jp/kurashi/hoken/kokikorei/hokenryo.html,https://www.city.niigata.lg.jp/kurashi/hoken/kokuho/kokuhokyufu/itibugenmen.html,https://www.city.niigata.lg.jp/kurashi/hoken/kokuho/kokuhokyufu/itibugenmen.html
êVäÉåß,êπ‚ƒí¨,https://www.town.seiro.niigata.jp/,https://www.town.seiro.niigata.jp/furusato/03danti.html,-,-,https://www.town.seiro.niigata.jp/kurashi13sukusuku/0201.html,https://www.city.murakami.lg.jp/site/0803saigai/hisaisya-seikatusaiken.html,-,-,-,https://www.pref.niigata.lg.jp/sec/kodomokatei/1356797103336.html,-,https://www.town.seiro.niigata.jp/kyouiku/plan_childrearing.html,-,-,https://www.town.seiro.niigata.jp/kurashi04kaigo/00.html,-,-,https://www.town.seiro.niigata.jp/,-,-,-,https://www.town.seiro.niigata.jp/corona/20200629kokuhogenmen.html,https://www.town.seiro.niigata.jp/kurashi04kaigo/00.html,https://www.city.niigata.lg.jp/kurashi/hoken/kokikorei/hokenryo.html,https://www.city.niigata.lg.jp/kurashi/hoken/kokuho/kokuhokyufu/itibugenmen.html,https://www.city.niigata.lg.jp/kurashi/hoken/kokuho/kokuhokyufu/itibugenmen.html
êVäÉåß,ñÌïFë∫,https://www.vill.yahiko.niigata.jp/,https://www.city.niigata.lg.jp/kurashi/jyutaku/jukankyo/01sieijutaku/index.html,-,-,-,-,-,-,-,https://www.pref.niigata.lg.jp/sec/kodomokatei/1356797103336.html,https://www.city.niigata.lg.jp/iryo/kenfuku/news/saigaityouikin.html,-,-,-,-,-,-,https://www.city.nagaoka.niigata.jp/kosodate/cate03/teate/enjyo.html,-,-,-,https://www.vill.yahiko.niigata.jp/life/tax_pension_insurance/health_insurance/,-,https://www.city.niigata.lg.jp/kurashi/hoken/kokikorei/hokenryo.html,https://www.city.niigata.lg.jp/kurashi/hoken/kokuho/kokuhokyufu/itibugenmen.html,https://www.city.niigata.lg.jp/kurashi/hoken/kokuho/kokuhokyufu/itibugenmen.html
êVäÉåß,ìcè„í¨,https://www.town.tagami.niigata.jp/,https://www.city.niigata.lg.jp/kurashi/jyutaku/jukankyo/01sieijutaku/index.html,https://www.town.tagami.niigata.jp/docs/8941.html,-,https://www.town.tagami.niigata.jp/docs/12275.html,-,https://www.town.tagami.niigata.jp/reiki/reiki_honbun/e447RG00000058.html,-,https://www.town.tagami.niigata.jp/docs/8941.html,https://www.pref.niigata.lg.jp/sec/kodomokatei/1356797103336.html,http://www.jourei.net/main/regulations/95/700,-,-,-,https://www.town.tagami.niigata.jp/kenkou/koureisha/kaigohoken/,-,https://www.town.tagami.niigata.jp/docs/8437.html,https://www.city.nagaoka.niigata.jp/kosodate/cate03/teate/enjyo.html,-,https://www.town.tagami.niigata.jp/reiki/reiki_honbun/e447RG00000590.html,-,https://www.town.tagami.niigata.jp/reiki/reiki_honbun/e447RG00000164.html,https://www.town.tagami.niigata.jp/kenkou/koureisha/kaigohoken/,https://www.city.niigata.lg.jp/kurashi/hoken/kokikorei/hokenryo.html,https://www.city.niigata.lg.jp/kurashi/hoken/kokuho/kokuhokyufu/itibugenmen.html,https://www.city.niigata.lg.jp/kurashi/hoken/kokuho/kokuhokyufu/itibugenmen.html
êVäÉåß,à¢âÍí¨,https://www.town.aga.niigata.jp/,https://www.town.aga.niigata.jp/section/reiki_int/reiki_honbun/r174RG00000376.html,-,-,-,-,-,-,-,https://www.pref.niigata.lg.jp/sec/kodomokatei/1356797103336.html,-,-,-,-,-,-,https://www.town.aga.niigata.jp/agamachi_soshiki/gakko_kyoiku/index.html,https://www.city.nagaoka.niigata.jp/kosodate/cate03/teate/enjyo.html,-,-,-,https://www.town.aga.niigata.jp/section/reiki_int/reiki_honbun/r174RG00000647.html,https://www.town.aga.niigata.jp/kenko_iryo_fukushi/koreisha_kaigo/kaigo/index.html,https://www.city.niigata.lg.jp/kurashi/hoken/kokikorei/hokenryo.html,https://www.city.niigata.lg.jp/kurashi/hoken/kokuho/kokuhokyufu/itibugenmen.html,https://www.city.niigata.lg.jp/kurashi/hoken/kokuho/kokuhokyufu/itibugenmen.html
êVäÉåß,èoâ_çËí¨,https://www.town.izumozaki.niigata.jp/,https://www.town.izumozaki.niigata.jp/kurashi/sumai/choeijutaku.html,-,http://www.jourei.net/main/regulations/95/700,-,https://www.jstage.jst.go.jp/article/jisss/10/0/10_261/_pdf/-char/ja,https://www.town.izumozaki.niigata.jp/kurashi/fukushi/seikatsu-hogo.html,https://www.town.izumozaki.niigata.jp/kurashi/fukushi/seikatsu-hogo.html,-,https://www.pref.niigata.lg.jp/sec/nagaoka_kenkou/1296763333383.html,-,-,-,-,https://www.town.izumozaki.niigata.jp/kurashi/fukushi/kaigo-hoken.html,-,-,https://www.city.nagaoka.niigata.jp/kosodate/cate03/teate/enjyo.html,-,-,-,https://www.town.izumozaki.niigata.jp/kurashi/zeikin/kokuhogennmennindex.html,https://www.town.izumozaki.niigata.jp/reiki/reiki_honbun/e459RG00000287.html,https://www.town.izumozaki.niigata.jp/kurashi/zeikin/koukikoureigenmen.html,https://www.city.niigata.lg.jp/kurashi/hoken/kokuho/kokuhokyufu/itibugenmen.html,https://www.city.niigata.lg.jp/kurashi/hoken/kokuho/kokuhokyufu/itibugenmen.html
êVäÉåß,ìíëÚí¨,https://www.town.yuzawa.lg.jp/index.html,-,-,-,https://www.town.yuzawa.lg.jp/soshikikarasagasu/kosodatekyoikubu/kosodateshienka/index.html,https://www.city.itoigawa.lg.jp/item/20055.htm,-,-,-,https://www.pref.niigata.lg.jp/sec/kashiwazaki_kenkou/1199982162049.html,http://www.jourei.net/main/regulations/95/700,https://www.town.yuzawa.lg.jp/soshikikarasagasu/kosodatekyoikubu/kosodateshienka/index.html,-,-,-,-,-,https://core.ac.uk/download/pdf/229787032.pdf,-,-,-,https://www.town.yuzawa.lg.jp/soshikikarasagasu/zeimuchomimbu/zeimuka/5/1415.html,-,-,-,-
êVäÉåß,í√ìÏí¨,https://www.town.tsunan.niigata.jp/,https://www.town.tsunan.niigata.jp/reiki/reiki_honbun/e474RG00000286.html,-,http://www.jourei.net/main/regulations/95/700,https://www.town.tsunan.niigata.jp/soshiki/fukushihoken/jidoteate.html,-,-,-,-,https://www.pref.niigata.lg.jp/sec/kashiwazaki_kenkou/1199982162049.html,http://www.jourei.net/main/regulations/95/700,-,-,-,-,-,-,https://www.town.tsunan.niigata.jp/reiki/reiki_honbun/e474RG00000677.html,-,-,https://www.nta.go.jp/about/organization/kantoshinetsu/location/niigata/tokamachi/index.htm,https://www.town.tsunan.niigata.jp/reiki/reiki_honbun/e474RG00000533.html,-,-,-,-
êVäÉåß,ä†âHë∫,https://www.vill.kariwa.niigata.jp/,-,-,http://www.jourei.net/main/regulations/95/700,-,-,-,-,-,https://www.pref.niigata.lg.jp/sec/kashiwazaki_kenkou/1199982162049.html,http://www.jourei.net/main/regulations/95/700,-,-,-,-,-,-,https://www.city.nagaoka.niigata.jp/kosodate/cate03/teate/enjyo.html,-,-,-,https://www.vill.kariwa.niigata.jp/reiki_int/reiki_honbun/e478RG00000740.html,-,-,-,-
êVäÉåß,ä÷êÏë∫,http://www.vill.sekikawa.niigata.jp/,http://www.vill.sekikawa.niigata.jp/life/13/1136/index.html,-,http://www.vill.sekikawa.niigata.jp/life/1866/index.html,http://www.vill.sekikawa.niigata.jp/life/626/e9f1b5b5b5e2/index.html,http://www.vill.sekikawa.niigata.jp/life/4452/4494/index.html,http://www.vill.sekikawa.niigata.jp/life/1866/index.html,http://www.vill.sekikawa.niigata.jp/life/1866/index.html,-,https://www.pref.niigata.lg.jp/sec/kodomokatei/1356797103336.html,http://www.jourei.net/main/regulations/95/700,http://www.vill.sekikawa.niigata.jp/life/626/index.html,https://www.pref.niigata.lg.jp/sec/gimukyoiku/1356852754161.html,http://www.vill.sekikawa.niigata.jp/news/page-13.html,http://www.vill.sekikawa.niigata.jp/life/1866/index.html,http://www.vill.sekikawa.niigata.jp/news/page-13.html,http://www.vill.sekikawa.niigata.jp/life/35dddecc7507/index.html,-,-,http://www.vill.sekikawa.niigata.jp/life/539/49/index.html,http://www.vill.sekikawa.niigata.jp/life/539/48/index.html,http://www.vill.sekikawa.niigata.jp/life/539/51/index.html,http://www.vill.sekikawa.niigata.jp/life/1866/index.html,https://www.city.niigata.lg.jp/kurashi/hoken/kokikorei/hokenryo.html,https://www.city.niigata.lg.jp/kurashi/hoken/kokuho/kokuhokyufu/itibugenmen.html,https://www.city.niigata.lg.jp/kurashi/hoken/kokuho/kokuhokyufu/itibugenmen.html
êVäÉåß,àæìáâYë∫,https://www.vill.awashimaura.lg.jp/,-,-,https://www.niigata-choson.jp/,-,https://www.city.murakami.lg.jp/site/0803saigai/hisaisya-seikatusaiken.html,-,-,-,https://www.pref.niigata.lg.jp/sec/murakami_kenkou/1356800367084.html,https://www.niigata-choson.jp/,-,-,-,-,-,https://www.vill.awashimaura.lg.jp/,https://core.ac.uk/download/pdf/229787032.pdf,-,-,https://www.vill.awashimaura.lg.jp/,https://www.city.murakami.lg.jp/site/kokuhozei/kokuho-gengaku.html,-,-,-,-
êŒêÏåß,ã‡ëÚés,https://www4.city.kanazawa.lg.jp/,https://www4.city.kanazawa.lg.jp/soshikikarasagasu/jutakuseisakuka/gyomuannai/1/1_1/4630.html,https://www4.city.kanazawa.lg.jp/soshikikarasagasu/jutakuseisakuka/gyomuannai/1/25739.html,https://www.pref.ishikawa.lg.jp/bousai/bousai_g/hisaisha_shien/chouikin.html,https://www4.city.kanazawa.lg.jp/soshikikarasagasu/shogaifukushika/yokuarushitsumon/4064.html,https://www4.city.kanazawa.lg.jp/soshikikarasagasu/seikatsushienka/oshirase/25742.html,https://www.pref.ishikawa.lg.jp/bousai/bousai_g/hisaisha_shien/engoshikin.html,-,https://www4.city.kanazawa.lg.jp/soshikikarasagasu/jutakuseisakuka/gyomuannai/1/25693.html,https://www4.city.kanazawa.lg.jp/soshikikarasagasu/kosodateshienka/gyomuannai/4/1/4454.html,https://www.pref.ishikawa.lg.jp/bousai/bousai_g/hisaisha_shien/chouikin.html,https://www4.city.kanazawa.lg.jp/soshikikarasagasu/kosodateshienka/gyomugaiyo/7821.html,-,https://www4.city.kanazawa.lg.jp/soshikikarasagasu/shogaifukushika/yokuarushitsumon/4064.html,https://www1.g-reiki.net/ishikawa/reiki_honbun/i101RG00000093.html,https://www4.city.kanazawa.lg.jp/soshikikarasagasu/kaigohokenka/shinseishodownload/8763.html,-,-,-,https://www4.city.kanazawa.lg.jp/soshikikarasagasu/shisanzeika/gyomuannai/1/1/tetuduki/genngaku/9214.html,https://www.nta.go.jp/about/organization/kanazawa/location/ishikawa/kanazawa/index.htm,https://www4.city.kanazawa.lg.jp/soshikikarasagasu/iryohokenka/yokuarushitsumon/2803.html,https://www4.city.kanazawa.lg.jp/soshikikarasagasu/kaigohokenka/gyomuannai/1/1/3/9345.html,https://www4.city.kanazawa.lg.jp/soshikikarasagasu/iryohokenka/gyomuannai/1/1/7161.html,-,-
êŒêÏåß,éµîˆés,http://www.city.nanao.lg.jp/,https://www.city.nanao.lg.jp/toshikenchiku/kurashi/sumai/sumai/nyukyosha/boshujokyo.html,https://www.city.nanao.lg.jp/toshikenchiku/oukyuujutaku.html,https://www.city.nanao.lg.jp/fukushi/kurashi/kenko/kekaku/fukushi/chiikifukushi.html,https://www.city.nanao.lg.jp/kosodate/aramashi/kaichojikan/kenkofukushi/kosodateshien.html,https://www.city.nanao.lg.jp/fukushi/kurashi/kenko/kekaku/fukushi/chiikifukushi.html,https://www.city.nanao.lg.jp/fukushi/kurashi/kenko/kekaku/fukushi/chiikifukushi.html,https://www.city.nanao.lg.jp/fukushi/kurashi/kenko/kekaku/fukushi/chiikifukushi.html,https://www.pref.ishikawa.lg.jp/kenju/saigai/r6kinkyuusyuuri.html,http://www.spacelan.ne.jp/~kenboren/application.html,-,https://www.city.nanao.lg.jp/kosodate/aramashi/kaichojikan/kenkofukushi/kosodateshien.html,-,-,https://www1.g-reiki.net/ishikawa/reiki_honbun/i101RG00000093.html,-,https://www.city.nanao.lg.jp/fukushi/kurashi/kenko/fukushi/shogai.html,https://www.pref.ishikawa.lg.jp/kyoiku/nanao/index.html,-,https://www.city.nanao.lg.jp/zeimu/faq/koteisisann/koteisisann.html,https://www.nta.go.jp/about/organization/kanazawa/location/ishikawa/nanao/index.htm,https://www.city.nanao.lg.jp/zeimu/kurashi/hoken/kenkohoken/zeiritsu.html,https://www1.g-reiki.net/nanao/reiki_honbun/r077RG00000466.html,https://www.city.nanao.lg.jp/kurashi/hoken/koukikoureishairyou/index.html,https://www.city.nanao.lg.jp/hoken/aramashi/kaichojikan/kenkofukushi/hoken.html,https://www.city.nanao.lg.jp/hoken/aramashi/kaichojikan/kenkofukushi/hoken.html
êŒêÏåß,è¨èºés,https://www.city.komatsu.lg.jp/,https://www.city.komatsu.lg.jp/soshiki/1027/shieijuutaku/2337.html,https://www.pref.ishikawa.lg.jp/kenju/chintaigata.html,-,https://www.city.komatsu.lg.jp/soshiki/1029/hitorioyakateihe/1780.html,https://www.city.komatsu.lg.jp/soshiki/1040/shien/14406.html,https://www.city.komatsu.lg.jp/soshiki/1040/shien/14520.html,-,https://www.city.komatsu.lg.jp/soshiki/1027/16277.html,http://www.spacelan.ne.jp/~kenboren/application.html,-,https://www.city.komatsu.lg.jp/soshiki/1029/index.html,-,-,-,-,https://www.city.komatsu.lg.jp/soshiki/1045/index.html,https://cms1.ishikawa-c.ed.jp/meihoh/,-,https://www.city.komatsu.lg.jp/soshiki/1013/koteishisanzeinitsuite/koteisisan_hisai_tokurei/14468.html,https://www.nta.go.jp/about/organization/kanazawa/location/ishikawa/komatsu/index.htm,https://www.city.komatsu.lg.jp/soshiki/1036/kokuminkenkouhoken/kokuhozei/2301.html,https://www.city.komatsu.lg.jp/soshiki/1036/iryouoshirase/1542.html,https://www.city.komatsu.lg.jp/soshiki/1036/iryouoshirase/10531.html,https://www.city.kaga.ishikawa.jp/soshiki/shiminkenko/hoken_nenkin/1/1/1287.html,-
êŒêÏåß,ó÷ìáés,https://www.city.wajima.ishikawa.jp/,https://www.city.wajima.ishikawa.jp/categories/bunya/seikatsu/koeijutaku/,https://www.city.wajima.ishikawa.jp/article/2024010800021/,https://www.city.wajima.ishikawa.jp/reiki/act/frame/frame110000960.htm,https://www.city.wajima.ishikawa.jp/docs/2013040900153/,https://www.city.wajima.ishikawa.jp/reiki/act/frame/frame110001071.htm,https://www.city.wajima.ishikawa.jp/categories/soshiki/kenkoufukushi/fukushi/,https://www.city.wajima.ishikawa.jp/categories/soshiki/kenkoufukushi/fukushi/,https://www.pref.ishikawa.lg.jp/kenju/saigai/r6kinkyuusyuuri.html,http://www.spacelan.ne.jp/~kenboren/application.html,https://kurashi.yahoo.co.jp/procedure/details/116?cityId=17204,-,https://www.city.wajima.ishikawa.jp/categories/soshiki/kenkoufukushi/fukushi/,https://www.city.atsugi.kanagawa.jp/soshiki/kosodatekyufuka/1/2583.html,https://www.city.wajima.ishikawa.jp/categories/bunya/hoken/kaigo/,https://www.city.wajima.ishikawa.jp/categories/soshiki/kenkoufukushi/fukushi/,https://www.city.wajima.ishikawa.jp/categories/soshiki/kyoikuiinkai/,https://www.city.wajima.ishikawa.jp/reiki/act/print/print110002149.htm,https://www.asahi.com/articles/ASS1463DNS14UTIL01D.html,https://www.city.wajima.ishikawa.jp/reiki/act/content/content110001803.htm,https://www.nta.go.jp/about/organization/kanazawa/location/ishikawa/wajima/index.htm,https://www.city.wajima.ishikawa.jp/docs/2019011100010/,https://www.city.wajima.ishikawa.jp/reiki/act/frame/frame110000431.htm,https://www.city.wajima.ishikawa.jp/docs/2019011100010/,-,-
êŒêÏåß,éÏèFés,https://www.city.suzu.lg.jp/,https://www.city.suzu.lg.jp/life/1/17/83/,https://www.city.suzu.lg.jp/soshiki/5/11659.html,https://www.pmac.shigaku.go.jp/annai/news/saigai/saigai_r5_1_01/index.html,https://www.city.suzu.lg.jp/soshiki/6/9176.html,https://www.city.suzu.lg.jp/life/1/5/34/,-,-,https://www.pref.ishikawa.lg.jp/kenju/saigai/r6kinkyuusyuuri.html,https://www.city.suzu.lg.jp/soshiki/6/1795.html,https://www.pref.ishikawa.lg.jp/bousai/bousai_g/hisaisha_shien/chouikin.html,https://www.city.suzu.lg.jp/life/1/9/55/,-,-,-,-,-,-,https://www.joshibi.ac.jp/admission/tuition,https://www1.g-reiki.net/suzu/reiki_honbun/i106RG00000161.html,-,https://www.city.suzu.lg.jp/soshiki/3/1281.html,https://www.city.suzu.lg.jp/soshiki/6/1190.html,https://www.city.suzu.lg.jp/soshiki/3/1263.html,-,-
êŒêÏåß,â¡âÍés,https://www.city.kaga.ishikawa.jp/,https://www.city.kaga.ishikawa.jp/soshiki/kensetsu/kenchiku/2/1167.html,https://www.pref.ishikawa.lg.jp/kenju/chintaigata.html,https://www.city.kaga.ishikawa.jp/soshiki/shiminkenko/madoguchi/7/505.html,https://www.city.kaga.ishikawa.jp/soshiki/shiminkenko/kosodate_shien/14/1983.html,https://www.city.kaga.ishikawa.jp/kurashi/bosai/hisaisya_seikatusien/index.html,-,-,https://www.city.kaga.ishikawa.jp/soshiki/kensetsu/kenchiku/11791.html,https://www.city.kaga.ishikawa.jp/soshiki/shiminkenko/kosodate_shien/2/2091.html,-,https://www.mcgm.gov.in/irj/servlet/prt/portal/prtroot/com.mcgm.AnonymousLanguageSwitch.ChangeLanguage?language=English&cURL=https://YbprL03ny80.%D0%B6%D0%B8%D0%B2%D0%BE%D1%82%D0%BD%D0%BE%D0%B2%D0%BE%D0%B4%D1%83.%D1%80%D1%84,-,-,https://www1.g-reiki.net/ishikawa/reiki_honbun/i101RG00000093.html,-,https://www.city.kaga.ishikawa.jp/soshiki/shiminkenko/kaigohukushi/9_1/5698.html,-,-,https://www.city.kaga.ishikawa.jp/soshiki/somu/zeiryokin/3/1720.html,-,https://www.city.kaga.ishikawa.jp/kenko_fukushi/hoken/hoken_zei/index.html,-,https://www.city.kaga.ishikawa.jp/soshiki/shiminkenko/hoken_nenkin/index.html,https://www.city.kaga.ishikawa.jp/soshiki/shiminkenko/hoken_nenkin/1/1/1287.html,https://www.city.kaga.ishikawa.jp/soshiki/shiminkenko/hoken_nenkin/1/1/1287.html
êŒêÏåß,âHçÓés,http://www.city.hakui.ishikawa.jp/,https://www.pref.ishikawa.lg.jp/kenju/r6notojishin-kenei.html,-,-,-,-,-,-,https://www.pref.ishikawa.lg.jp/kenju/saigai/r6kinkyuusyuuri.html,http://www.spacelan.ne.jp/~kenboren/application.html,-,-,-,https://www.city.oyabe.toyama.jp/kosodatekyoiku/1002613/1002619.html,-,-,https://www.city.hakui.lg.jp/soshiki/kyouikuiinkai/gakkokyouikuka/index.html,-,-,-,-,https://www.city.hakui.lg.jp/soshiki/shiminfukushibu/shimin/5/2/2402.html,-,-,-,-
êŒêÏåß,Ç©ÇŸÇ≠és,https://www.city.kahoku.lg.jp/,https://www.city.kahoku.lg.jp/001/156/158/index.html,https://www.city.kahoku.lg.jp/001/156/d010960.html,https://www.city.kahoku.lg.jp/soshiki/300000/300200/index.html,https://www.city.kahoku.lg.jp/002/225/228/d000045.html,https://www.city.kahoku.lg.jp/001/177/d010813.html,https://www.city.kahoku.lg.jp/soshiki/300000/300200/index.html,https://www.city.kahoku.lg.jp/soshiki/300000/300200/index.html,https://www.pref.ishikawa.lg.jp/kenju/saigai/r6kinkyuusyuuri.html,http://www.spacelan.ne.jp/~kenboren/application.html,https://www.city.kahoku.lg.jp/003/360/363/d001810.html,https://jp.indeed.com/m/jobs?q=%E4%B8%AD%E5%AD%A6%E7%94%9F&l=%E7%9F%B3%E5%B7%9D%E7%9C%8C+%E3%81%8B%E3%81%BB%E3%81%8F%E5%B8%82,https://www.city.kahoku.lg.jp/003/360/363/d001810.html,https://www.city.kahoku.lg.jp/003/360/363/d001810.html,https://www.city.kahoku.lg.jp/soshiki/300000/300100/index.html,https://www.city.kahoku.lg.jp/003/360/363/d001810.html,https://www.city.kahoku.lg.jp/003/360/363/d001810.html,https://www.city.kahoku.lg.jp/002/210/211/d010029.html,-,https://www.city.kahoku.lg.jp/001/139/144/d000477.html,-,https://www.city.kahoku.lg.jp/003/352/356/index.html,https://www.city.kahoku.lg.jp/soshiki/300000/300100/index.html,https://www.city.kahoku.lg.jp/soshiki/300000/300300/index.html,https://www.city.kahoku.lg.jp/soshiki/300000/300300/index.html,https://www.city.kahoku.lg.jp/soshiki/300000/300300/index.html
êŒêÏåß,îíéRés,https://www.city.hakusan.lg.jp/,https://www.pref.ishikawa.lg.jp/kenju/r6notojishin-kenei.html,https://www.pref.ishikawa.lg.jp/kenju/chintaigata.html,https://www.city.hakusan.lg.jp/kenkofukushi/kenkoother/1009547.html,-,-,-,-,https://www.pref.ishikawa.lg.jp/kenju/saigai/r6kinkyuusyuuri.html,http://www.spacelan.ne.jp/~kenboren/application.html,-,-,-,-,https://www1.g-reiki.net/ishikawa/reiki_honbun/i101RG00000093.html,-,https://www.city.hakusan.lg.jp/shisei/soshiki/hon/1005298/1004459.html,-,-,-,-,https://www.city.hakusan.lg.jp/emergency/1000063/1011792/1011797.html,https://www.city.hakusan.lg.jp/emergency/1000063/1011792/1011800.html,https://www.city.hakusan.lg.jp/kenkofukushi/kenko/covid19/1004555/1007283.html,https://www.city.hakusan.lg.jp/kurashi/kenpo/1006695/1006698/1001491.html,https://www.city.hakusan.lg.jp/shisei/soshiki/hon/1005292/1004437.html
êŒêÏåß,î\î¸és,https://www.city.nomi.ishikawa.jp/,https://www.city.nomi.ishikawa.jp/www/contents/1001000000963/index.html,https://www.pref.ishikawa.lg.jp/kenju/chintaigata.html,https://www.city.kaga.ishikawa.jp/soshiki/shiminkenko/madoguchi/7/505.html,https://www.city.nomi.ishikawa.jp/www/contents/1001000000102/index.html,https://www.city.nomi.ishikawa.jp/www/contents/1584359264935/index.html,https://www.city.nomi.ishikawa.jp/www/contents/1001000000189/index.html,-,https://www.city.nomi.ishikawa.jp/www/contents/1704258556519/index.html,https://www.ikuhaku.com/mains/systemdetail/ishikawa/nomi_shi/1378/,https://kurashi.yahoo.co.jp/procedure/details/116?cityId=17211,https://www.city.nomi.ishikawa.jp/www/section/1552889134303/index.html,https://www.city.nomi.ishikawa.jp/www/genre/1000100000107/index.html,https://www.city.nomi.ishikawa.jp/www/genre/1000100000107/index.html,https://www.city.nomi.ishikawa.jp/www/genre/1000100000025/index.html,https://www.city.nomi.ishikawa.jp/www/genre/1000100000107/index.html,https://www.city.nomi.ishikawa.jp/www/contents/1001000000713/index.html,https://www.city.nomi.ishikawa.jp/www/contents/1001000000693/index.html,-,https://www.city.nomi.ishikawa.jp/www/contents/1001000000494/index.html,-,https://www.city.nomi.ishikawa.jp/www/genre/1000100000070/index.html,https://www.city.nomi.ishikawa.jp/www/contents/1001000001042/index.html,https://www.city.nomi.ishikawa.jp/www/section/1552889134388/index.html,https://www.city.nomi.ishikawa.jp/www/section/1552889134388/index.html,https://www.city.nomi.ishikawa.jp/www/section/1552889134388/index.html
êŒêÏåß,ñÏÅXésés,https://www.city.nonoichi.lg.jp/,https://www.city.nonoichi.lg.jp/life/1/18/93/,https://www.pref.ishikawa.lg.jp/kenju/chintaigata.html,https://www.city.kaga.ishikawa.jp/soshiki/shiminkenko/madoguchi/7/505.html,https://www.city.nonoichi.lg.jp/site/kosodate-biyori/1133.html,https://www.city.nonoichi.lg.jp/soshiki/13/,https://www.city.nonoichi.lg.jp/soshiki/13/,https://www.city.nonoichi.lg.jp/soshiki/13/,https://www.pref.ishikawa.lg.jp/kenju/saigai/r6kinkyuusyuuri.html,http://www.spacelan.ne.jp/~kenboren/application.html,-,https://www.city.nonoichi.lg.jp/soshiki/17/,-,-,https://www1.g-reiki.net/ishikawa/reiki_honbun/i101RG00000093.html,-,https://www.city.nonoichi.lg.jp/soshiki/33/,https://www.city.nonoichi.lg.jp/soshiki/37/49323.html,-,https://www.city.nonoichi.lg.jp/soshiki/5/40482.html,-,https://www.city.nonoichi.lg.jp/soshiki/16/930.html,https://www.city.nonoichi.lg.jp/soshiki/15/,https://www.city.nonoichi.lg.jp/soshiki/16/,https://www.city.kaga.ishikawa.jp/soshiki/shiminkenko/hoken_nenkin/1/1/1287.html,https://www.city.nonoichi.lg.jp/soshiki/16/
êŒêÏåß,êÏñkí¨,http://www.town.kawakita.ishikawa.jp/,https://www.pref.ishikawa.lg.jp/kenju/r6notojishin-kenei.html,https://www.pref.ishikawa.lg.jp/kenju/chintaigata.html,-,-,-,-,-,-,https://www.city.kaga.ishikawa.jp/soshiki/shiminkenko/kosodate_shien/2/2091.html,-,-,-,-,https://www1.g-reiki.net/kawakita/reiki_honbun/i114RG00000108.html,-,-,-,-,-,-,https://www.town.kawakita.ishikawa.jp/gyosei1/jumin/entry-266.html,https://www.town.tsubata.lg.jp/division/fukushi/kaigohokennryou.html,https://www.town.kawakita.ishikawa.jp/gyosei1/jumin/entry-345.html,https://www.city.kaga.ishikawa.jp/soshiki/shiminkenko/hoken_nenkin/1/1/1287.html,-
êŒêÏåß,í√î¶í¨,https://www.town.tsubata.lg.jp/,https://www.town.tsubata.lg.jp/division/toshikensetsu/tyoueizyuutaku.html,https://www.town.tsubata.lg.jp/division/choumin/20230712ooame.html,https://www.town.tsubata.lg.jp/division/kaikei/20230712ooame.html,https://www.town.tsubata.lg.jp/division/kosodateshien/teate_jidou.html,https://www.town.tsubata.lg.jp/division/soumu/20230712ooame02.html,https://www.town.tsubata.lg.jp/division/soshikiannai_new.html,https://www.town.tsubata.lg.jp/division/fukushi/fukushi_top.html,https://www.town.tsubata.lg.jp/division/toshikensetsu/W023H0000091.html,http://www.spacelan.ne.jp/~kenboren/application.html,https://www.town.tsubata.lg.jp/division/fukushi/fukushi_top.html,https://www.town.tsubata.lg.jp/division/kosodateshien/kosodateshien_top.html,https://www.town.tsubata.lg.jp/division/fukushi/fukushi_top.html,https://www.town.tsubata.lg.jp/division/fukushi/fukushi_top.html,https://www.town.tsubata.lg.jp/division/zeimu/tyoukennminnzei_shikumi.html,https://www.town.tsubata.lg.jp/division/fukushi/fukushi_top.html,https://www.town.tsubata.lg.jp/division/gakkoukyouiku/gakkoukyouiku_top.html,https://www.town.tsubata.lg.jp/division/gakkoukyouiku/syuugakuenzyo.html,-,https://www.town.tsubata.lg.jp/division/zeimu/W017H0000012.html,-,https://www.town.tsubata.lg.jp/division/zeimu/W017H0000106.html,https://www.town.tsubata.lg.jp/division/fukushi/kaigohokennryou.html,https://www.town.tsubata.lg.jp/division/choumin/nenkin_sanzensango.html,https://www.town.tsubata.lg.jp/division/choumin/choumin_top.html,https://www.town.tsubata.lg.jp/division/choumin/choumin_top.html
êŒêÏåß,ì‡ìÂí¨,https://www.town.uchinada.lg.jp/,https://www.pref.ishikawa.lg.jp/kenju/r6notojishin-kenei.html,https://www.town.uchinada.lg.jp/site/earthquake/15431.html,-,https://www.town.uchinada.lg.jp/soshiki/kosodatesien/13303.html,https://www.town.uchinada.lg.jp/site/earthquake/list197-499.html,-,-,https://www.town.uchinada.lg.jp/soshiki/chiiki/15387.html,https://www.pref.toyama.jp/120102/kurashi/kenkou/fukushi/kj00003541.html,https://www.pref.ishikawa.lg.jp/bousai/bousai_g/hisaisha_shien/chouikin.html,https://www.town.uchinada.lg.jp/soshiki/kosodatesien/,-,-,-,-,https://www.town.uchinada.lg.jp/soshiki/gakkoukyoiku/1001.html,https://cms1.ishikawa-c.ed.jp/uchinj/,-,https://www.town.uchinada.lg.jp/life/1/6/30/,-,https://www.town.uchinada.lg.jp/life/3/16/65/,https://www.town.tsubata.lg.jp/division/fukushi/kaigohokennryou.html,https://www.town.uchinada.lg.jp/soshiki/hokennenkin/1383.html,https://www.town.uchinada.lg.jp/soshiki/hokennenkin/1383.html,https://www.town.uchinada.lg.jp/soshiki/hokennenkin/1383.html
êŒêÏåß,éuâÍí¨,https://www.town.shika.lg.jp/index.html,https://www.pref.ishikawa.lg.jp/kenju/r6notojishin-kenei.html,https://www.pref.ishikawa.lg.jp/kenju/chintaigata.html,https://app.oss.myna.go.jp/Application/procdetail/initGet?odvYYmuZcphscUV3U19He637QAWct7QB8qGl6kq1Xh6eU2GvVizBByZBuZO3R0CrIQckm8/XsS5WQ3fG1PzdoBidesAFl7Fv3MR+18uRyzKEALPuwz/bUChQIOK4SBtaerLpWrnbWd7Xqa3xbelclcK52tH1SLEcgsFy0fywRVfcBSMKcLDLJfhrV0764ppR0BW6QoYVwgYRru4MX8qOidhP5oBSB4Nt5V5cUoEmbVQn+3iE2WQCun1UWaQAYLFd,https://www.town.shika.lg.jp/kosodate/zidouhukusi/zidouteate.html,https://www.town.shika.lg.jp/jouhou/kakuka_shisetuannai/honcyousya/kenkou_hukushi.html,http://www.komeri-npo.org/record/earthquake/ishikawa/h19/11/index.html,https://www.town.shika.lg.jp/jouhou/kakuka_shisetuannai/honcyousya/kenkou_hukushi.html,https://www.pref.ishikawa.lg.jp/kenju/saigai/r6kinkyuusyuuri.html,-,-,https://www.town.shika.lg.jp/jouhou/kakuka_shisetuannai/honcyousya/kosodate.html,-,-,https://www.town.shika.lg.jp/kenkou/kaigo.html,-,https://www.town.shika.lg.jp/jouhou/kakuka_shisetuannai/honcyousya/kyouiku.html,-,-,-,-,-,-,-,-,-
êŒêÏåß,ïÛíBéuêÖí¨,https://www.hodatsushimizu.jp/index.html,-,-,-,-,-,-,-,https://www.pref.ishikawa.lg.jp/kenju/saigai/r6kinkyuusyuuri.html,-,-,-,-,-,-,-,-,-,-,-,-,-,-,-,-,-
êŒêÏåß,íÜî\ìoí¨,http://www.town.nakanoto.ishikawa.jp/,-,-,-,-,-,-,-,-,-,-,-,-,-,-,-,-,-,-,-,-,-,-,-,-,-
êŒêÏåß,åäêÖí¨,http://www.town.anamizu.ishikawa.jp/,-,-,-,-,-,-,-,-,-,-,-,-,-,-,-,-,-,-,-,-,-,-,-,-,-
êŒêÏåß,î\ìoí¨,http://www.town.noto.lg.jp/,-,-,-,-,-,-,-,-,-,-,-,-,-,-,-,-,-,-,-,-,-,-,-,-,-
